2025-09-22 10:09:16,099 [INFO] Activator:176 - 


2025-09-22 10:09:16,104 [INFO] Activator:177 - !SESSION log4j initialized
2025-09-22 10:09:23,729 [INFO] LogOutputStream:77 - [STDOUT_REDIRECT] 
2025-09-22 10:10:10,674 [INFO] ApplicationProperties:184 - Using Application install path: C:\ST\STM32CubeIDE_1.18.0\STM32CubeIDE\plugins\com.st.stm32cube.common.mx_6.15.0.202507011659
2025-09-22 10:10:10,705 [INFO] DbMcusXml:78 - Set database path to: C:\ST\STM32CubeIDE_1.18.0\STM32CubeIDE\plugins\com.st.stm32cube.common.mx_6.15.0.202507011659\\db\/mcu/
2025-09-22 10:10:10,705 [INFO] ApiDb:274 - Set plugin database path to: C:\ST\STM32CubeIDE_1.18.0\STM32CubeIDE\plugins\com.st.stm32cube.common.mx_6.15.0.202507011659\\db\/plugins/boardmanager/
2025-09-22 10:10:10,711 [WARN] ApiDb:259 - Overriding images path with different value:  => C:\ST\STM32CubeIDE_1.18.0\STM32CubeIDE\plugins\com.st.stm32cube.common.mx_6.15.0.202507011659\\db\/plugins/mcufinder/images/
2025-09-22 10:10:10,726 [INFO] ApiDb:250 - Set database path to: C:\Users\khanh\.stmcufinder\plugins\mcufinder//mcu/
2025-09-22 10:10:10,726 [INFO] DbMcusAds:125 - Set database path to: C:\Users\khanh\.stmcufinder\plugins\mcufinder//mcu/
2025-09-22 10:10:10,758 [INFO] CrossReferenceDbSqlite:203 - Set database path to: C:\Users\khanh\.stmcufinder\plugins\mcufinder//mcu/cs/
2025-09-22 10:10:11,001 [INFO] RulesReader:64 - Compatibility file has been processed (317 Rules)
2025-09-22 10:10:11,244 [INFO] DbMcusXml:78 - Set database path to: C:\ST\STM32CubeIDE_1.18.0\STM32CubeIDE\plugins\com.st.stm32cube.common.mx_6.15.0.202507011659\\db\/mcu/
2025-09-22 10:10:11,244 [INFO] ApiDb:274 - Set plugin database path to: C:\ST\STM32CubeIDE_1.18.0\STM32CubeIDE\plugins\com.st.stm32cube.common.mx_6.15.0.202507011659\\db\/plugins/boardmanager/
2025-09-22 10:10:11,244 [INFO] ApiDb:261 - Set plugin images path to: C:\ST\STM32CubeIDE_1.18.0\STM32CubeIDE\plugins\com.st.stm32cube.common.mx_6.15.0.202507011659\\db\/plugins/mcufinder/images/
2025-09-22 10:10:11,244 [WARN] DbFile:41 - Overriding database path with different value: C:\Users\khanh\.stmcufinder\plugins\mcufinder/ => C:\Users\khanh\.stmcufinder\plugins\mcufinder
2025-09-22 10:10:11,244 [INFO] ApiDb:250 - Set database path to: C:\Users\khanh\.stmcufinder\plugins\mcufinder//mcu/
2025-09-22 10:10:11,244 [WARN] DbFile:41 - Overriding database path with different value: C:\Users\khanh\.stmcufinder\plugins\mcufinder/ => C:\Users\khanh\.stmcufinder\plugins\mcufinder
2025-09-22 10:10:11,248 [INFO] DbMcusAds:125 - Set database path to: C:\Users\khanh\.stmcufinder\plugins\mcufinder//mcu/
2025-09-22 10:10:11,248 [WARN] DbFile:41 - Overriding database path with different value: C:\Users\khanh\.stmcufinder\plugins\mcufinder/ => C:\Users\khanh\.stmcufinder\plugins\mcufinder
2025-09-22 10:10:11,248 [WARN] DbFile:41 - Overriding database path with different value: C:\Users\khanh\.stmcufinder\plugins\mcufinder/ => C:\Users\khanh\.stmcufinder\plugins\mcufinder
2025-09-22 10:10:11,248 [INFO] CrossReferenceDbSqlite:203 - Set database path to: C:\Users\khanh\.stmcufinder\plugins\mcufinder//mcu/cs/
2025-09-22 10:10:11,417 [INFO] MainPanel:274 - HeapMemory: 424673280
2025-09-22 10:10:11,640 [INFO] DbMcusXml:78 - Set database path to: C:\ST\STM32CubeIDE_1.18.0\STM32CubeIDE\plugins\com.st.stm32cube.common.mx_6.15.0.202507011659\\db\/mcu/
2025-09-22 10:10:11,640 [INFO] ApiDb:274 - Set plugin database path to: C:\ST\STM32CubeIDE_1.18.0\STM32CubeIDE\plugins\com.st.stm32cube.common.mx_6.15.0.202507011659\\db\/plugins/boardmanager/
2025-09-22 10:10:11,640 [INFO] ApiDb:261 - Set plugin images path to: C:\ST\STM32CubeIDE_1.18.0\STM32CubeIDE\plugins\com.st.stm32cube.common.mx_6.15.0.202507011659\\db\/plugins/mcufinder/images/
2025-09-22 10:10:11,644 [WARN] DbFile:41 - Overriding database path with different value: C:\Users\khanh\.stmcufinder\plugins\mcufinder/ => C:\Users\khanh\.stmcufinder\plugins\mcufinder
2025-09-22 10:10:11,644 [INFO] ApiDb:250 - Set database path to: C:\Users\khanh\.stmcufinder\plugins\mcufinder//mcu/
2025-09-22 10:10:11,644 [WARN] DbFile:41 - Overriding database path with different value: C:\Users\khanh\.stmcufinder\plugins\mcufinder/ => C:\Users\khanh\.stmcufinder\plugins\mcufinder
2025-09-22 10:10:11,644 [INFO] DbMcusAds:125 - Set database path to: C:\Users\khanh\.stmcufinder\plugins\mcufinder//mcu/
2025-09-22 10:10:11,644 [WARN] DbFile:41 - Overriding database path with different value: C:\Users\khanh\.stmcufinder\plugins\mcufinder/ => C:\Users\khanh\.stmcufinder\plugins\mcufinder
2025-09-22 10:10:11,644 [WARN] DbFile:41 - Overriding database path with different value: C:\Users\khanh\.stmcufinder\plugins\mcufinder/ => C:\Users\khanh\.stmcufinder\plugins\mcufinder
2025-09-22 10:10:11,644 [INFO] CrossReferenceDbSqlite:203 - Set database path to: C:\Users\khanh\.stmcufinder\plugins\mcufinder//mcu/cs/
2025-09-22 10:10:11,679 [INFO] ApplicationProperties:184 - Using Application install path: C:\ST\STM32CubeIDE_1.18.0\STM32CubeIDE\plugins\com.st.stm32cube.common.mx_6.15.0.202507011659
2025-09-22 10:10:11,679 [INFO] PluginManage:196 - Search for loadable plugins [exclusion list=, ]
2025-09-22 10:10:11,690 [INFO] PluginManage:310 - Check plugin analytics
2025-09-22 10:10:12,054 [INFO] AnalyticsPlugin:253 - Accepted Software Licenses: STM32CubeMX.6.14.0
2025-09-22 10:10:12,054 [INFO] AnalyticsPlugin:255 - Accepted CMSIS Pack Licenses: 
2025-09-22 10:10:12,054 [INFO] AnalyticsPlugin:257 - Accepted Firmware Licenses: 
2025-09-22 10:10:12,054 [INFO] PluginManage:359 - Loaded plugin analytics (category:tool,tabindex:-1)
2025-09-22 10:10:12,054 [INFO] PluginManage:310 - Check plugin cadmodel
2025-09-22 10:10:12,066 [INFO] CADModel:105 - Init CAD model plugin
2025-09-22 10:10:12,066 [INFO] PluginManage:359 - Loaded plugin cadmodel (category:power,tabindex:5)
2025-09-22 10:10:12,066 [INFO] PluginManage:310 - Check plugin clock
2025-09-22 10:10:12,085 [INFO] PluginManage:359 - Loaded plugin clock (category:base,tabindex:2)
2025-09-22 10:10:12,085 [INFO] PluginManage:310 - Check plugin ddr
2025-09-22 10:10:12,087 [INFO] PluginManage:359 - Loaded plugin ddr (category:tool,tabindex:6)
2025-09-22 10:10:12,087 [INFO] PluginManage:310 - Check plugin filemanager
2025-09-22 10:10:12,398 [INFO] PluginManage:359 - Loaded plugin filemanager (category:base,tabindex:10)
2025-09-22 10:10:12,398 [INFO] PluginManage:310 - Check plugin ipmanager
2025-09-22 10:10:12,418 [INFO] PluginManage:359 - Loaded plugin ipmanager (category:base,tabindex:5)
2025-09-22 10:10:12,419 [INFO] PluginManage:310 - Check plugin lpbam
2025-09-22 10:10:12,440 [INFO] PluginManage:359 - Loaded plugin lpbam (category:base,tabindex:0)
2025-09-22 10:10:12,440 [INFO] PluginManage:310 - Check plugin memorymap
2025-09-22 10:10:12,482 [INFO] PluginManage:359 - Loaded plugin memorymap (category:base,tabindex:4)
2025-09-22 10:10:12,484 [INFO] PluginManage:310 - Check plugin pinoutandconfiguration
2025-09-22 10:10:12,509 [INFO] PluginManage:359 - Loaded plugin pinoutandconfiguration (category:base,tabindex:1)
2025-09-22 10:10:12,509 [INFO] PluginManage:310 - Check plugin pinoutconfig
2025-09-22 10:10:12,701 [WARN] SupportedApi:132 - Cannot load RTOS API schema: s4s-elt-must-match.1: The content of 'definitions' must match (annotation?, (simpleType | complexType)?, (unique | key | keyref)*)). A problem was found starting at: attribute.
2025-09-22 10:10:13,025 [INFO] PluginManage:359 - Loaded plugin pinoutconfig (category:base,tabindex:0)
2025-09-22 10:10:13,025 [INFO] PluginManage:310 - Check plugin power
2025-09-22 10:10:13,045 [INFO] PluginManage:359 - Loaded plugin power (category:power,tabindex:4)
2025-09-22 10:10:13,045 [INFO] PluginManage:310 - Check plugin projectmanager
2025-09-22 10:10:13,077 [INFO] PluginManage:359 - Loaded plugin projectmanager (category:projectmanager,tabindex:4)
2025-09-22 10:10:13,077 [INFO] PluginManage:310 - Check plugin rif
2025-09-22 10:10:13,100 [INFO] PluginManage:359 - Loaded plugin rif (category:base,tabindex:3)
2025-09-22 10:10:13,100 [INFO] PluginManage:310 - Check plugin thirdparty
2025-09-22 10:10:13,408 [INFO] PluginManage:359 - Loaded plugin thirdparty (category:base,tabindex:-1)
2025-09-22 10:10:13,408 [WARN] IntegrityCheckThread:84 - waiting for thirdparty lock release [integrity check]
2025-09-22 10:10:13,409 [INFO] IntegrityCheckThread:86 - entering critical section [integrity check]
2025-09-22 10:10:13,409 [INFO] PluginManage:310 - Check plugin tools
2025-09-22 10:10:13,410 [INFO] ThirdPartyUpdaterWithRetryManager:70 - Updater plugin not ready yet. [1/15]
2025-09-22 10:10:13,415 [INFO] PluginManage:359 - Loaded plugin tools (category:base,tabindex:7)
2025-09-22 10:10:13,416 [INFO] PluginManage:310 - Check plugin tutovideos
2025-09-22 10:10:13,894 [INFO] PluginManage:359 - Loaded plugin tutovideos (category:base,tabindex:-1)
2025-09-22 10:10:13,894 [INFO] PluginManage:310 - Check plugin updater
2025-09-22 10:10:13,946 [INFO] PluginManage:359 - Loaded plugin updater (category:base,tabindex:12)
2025-09-22 10:10:13,947 [INFO] PluginManage:310 - Check plugin userauth
2025-09-22 10:10:13,955 [INFO] UserAuth:118 - Init User Auth plugin
2025-09-22 10:10:13,956 [INFO] PluginManage:359 - Loaded plugin userauth (category:base,tabindex:14)
2025-09-22 10:10:13,958 [INFO] PluginManage:283 - PluginManage : Loaded plugins [18]
2025-09-22 10:10:14,402 [INFO] PinOutPanel:1589 - setPackage(No Configuration,No Configuration)
2025-09-22 10:10:14,579 [INFO] CADModel:165 - CPN selected for project level
2025-09-22 10:10:14,579 [INFO] CADModel:114 - Register for checkConnection events
2025-09-22 10:10:14,615 [INFO] IPUIPlugin:80 - create IPUIPlugin
2025-09-22 10:10:14,616 [INFO] PluginManager:220 - loadIPPluginJar : add adc
2025-09-22 10:10:14,621 [INFO] IPUIPlugin:80 - create IPUIPlugin
2025-09-22 10:10:14,622 [INFO] PluginManager:220 - loadIPPluginJar : add aes
2025-09-22 10:10:14,627 [INFO] IPUIPlugin:80 - create IPUIPlugin
2025-09-22 10:10:14,627 [INFO] PluginManager:220 - loadIPPluginJar : add can
2025-09-22 10:10:14,631 [INFO] IPUIPlugin:80 - create IPUIPlugin
2025-09-22 10:10:14,631 [INFO] PluginManager:220 - loadIPPluginJar : add comp
2025-09-22 10:10:14,635 [INFO] IPUIPlugin:80 - create IPUIPlugin
2025-09-22 10:10:14,635 [INFO] PluginManager:220 - loadIPPluginJar : add cryp
2025-09-22 10:10:14,642 [INFO] IPUIPlugin:80 - create IPUIPlugin
2025-09-22 10:10:14,642 [INFO] PluginManager:220 - loadIPPluginJar : add ddr_ctrl_phy
2025-09-22 10:10:14,647 [INFO] IPUIPlugin:80 - create IPUIPlugin
2025-09-22 10:10:14,647 [INFO] PluginManager:220 - loadIPPluginJar : add dfsdm
2025-09-22 10:10:14,655 [INFO] IPUIPlugin:80 - create IPUIPlugin
2025-09-22 10:10:14,656 [INFO] PluginManager:220 - loadIPPluginJar : add dma
2025-09-22 10:10:14,662 [INFO] IPUIPlugin:80 - create IPUIPlugin
2025-09-22 10:10:14,662 [INFO] PluginManager:220 - loadIPPluginJar : add dma3
2025-09-22 10:10:14,667 [INFO] IPUIPlugin:80 - create IPUIPlugin
2025-09-22 10:10:14,667 [INFO] PluginManager:220 - loadIPPluginJar : add extmemmanager
2025-09-22 10:10:14,672 [INFO] IPUIPlugin:80 - create IPUIPlugin
2025-09-22 10:10:14,672 [INFO] PluginManager:220 - loadIPPluginJar : add fatfs
2025-09-22 10:10:14,680 [INFO] IPUIPlugin:80 - create IPUIPlugin
2025-09-22 10:10:14,680 [INFO] PluginManager:220 - loadIPPluginJar : add fmc
2025-09-22 10:10:14,691 [INFO] IPUIPlugin:80 - create IPUIPlugin
2025-09-22 10:10:14,692 [INFO] PluginManager:220 - loadIPPluginJar : add freertos
2025-09-22 10:10:14,695 [INFO] IPUIPlugin:80 - create IPUIPlugin
2025-09-22 10:10:14,695 [INFO] PluginManager:220 - loadIPPluginJar : add genericplugin
2025-09-22 10:10:14,700 [INFO] IPUIPlugin:80 - create IPUIPlugin
2025-09-22 10:10:14,700 [INFO] PluginManager:220 - loadIPPluginJar : add gfxmmu
2025-09-22 10:10:14,710 [INFO] IPUIPlugin:80 - create IPUIPlugin
2025-09-22 10:10:14,710 [INFO] PluginManager:220 - loadIPPluginJar : add gic
2025-09-22 10:10:14,718 [INFO] IPUIPlugin:80 - create IPUIPlugin
2025-09-22 10:10:14,718 [INFO] PluginManager:220 - loadIPPluginJar : add gpio
2025-09-22 10:10:14,724 [INFO] IPUIPlugin:80 - create IPUIPlugin
2025-09-22 10:10:14,724 [INFO] PluginManager:220 - loadIPPluginJar : add gtzc
2025-09-22 10:10:14,729 [INFO] IPUIPlugin:80 - create IPUIPlugin
2025-09-22 10:10:14,729 [INFO] PluginManager:220 - loadIPPluginJar : add hash
2025-09-22 10:10:14,735 [INFO] IPUIPlugin:80 - create IPUIPlugin
2025-09-22 10:10:14,735 [INFO] PluginManager:220 - loadIPPluginJar : add i2c
2025-09-22 10:10:14,740 [INFO] IPUIPlugin:80 - create IPUIPlugin
2025-09-22 10:10:14,741 [INFO] PluginManager:220 - loadIPPluginJar : add i2s
2025-09-22 10:10:14,747 [INFO] IPUIPlugin:80 - create IPUIPlugin
2025-09-22 10:10:14,747 [INFO] PluginManager:220 - loadIPPluginJar : add i3c
2025-09-22 10:10:14,753 [INFO] IPUIPlugin:80 - create IPUIPlugin
2025-09-22 10:10:14,754 [INFO] PluginManager:220 - loadIPPluginJar : add ipddr
2025-09-22 10:10:14,765 [INFO] IPUIPlugin:80 - create IPUIPlugin
2025-09-22 10:10:14,765 [INFO] PluginManager:220 - loadIPPluginJar : add linkedlist
2025-09-22 10:10:14,771 [INFO] IPUIPlugin:80 - create IPUIPlugin
2025-09-22 10:10:14,771 [INFO] PluginManager:220 - loadIPPluginJar : add lorawan
2025-09-22 10:10:14,774 [INFO] IPUIPlugin:80 - create IPUIPlugin
2025-09-22 10:10:14,774 [INFO] PluginManager:220 - loadIPPluginJar : add ltdc
2025-09-22 10:10:14,787 [INFO] IPUIPlugin:80 - create IPUIPlugin
2025-09-22 10:10:14,787 [INFO] PluginManager:220 - loadIPPluginJar : add mdma
2025-09-22 10:10:14,794 [INFO] IPUIPlugin:80 - create IPUIPlugin
2025-09-22 10:10:14,795 [INFO] PluginManager:220 - loadIPPluginJar : add nvic
2025-09-22 10:10:14,802 [INFO] IPUIPlugin:80 - create IPUIPlugin
2025-09-22 10:10:14,803 [INFO] PluginManager:220 - loadIPPluginJar : add opamp
2025-09-22 10:10:14,811 [INFO] IPUIPlugin:80 - create IPUIPlugin
2025-09-22 10:10:14,812 [INFO] PluginManager:220 - loadIPPluginJar : add openamp
2025-09-22 10:10:14,819 [INFO] IPUIPlugin:80 - create IPUIPlugin
2025-09-22 10:10:14,820 [INFO] PluginManager:220 - loadIPPluginJar : add pdm2pcm
2025-09-22 10:10:14,830 [INFO] IPUIPlugin:80 - create IPUIPlugin
2025-09-22 10:10:14,834 [INFO] PluginManager:220 - loadIPPluginJar : add plateformsettings
2025-09-22 10:10:14,838 [INFO] IPUIPlugin:80 - create IPUIPlugin
2025-09-22 10:10:14,838 [INFO] PluginManager:220 - loadIPPluginJar : add quadspi
2025-09-22 10:10:14,841 [INFO] IPUIPlugin:80 - create IPUIPlugin
2025-09-22 10:10:14,843 [INFO] PluginManager:220 - loadIPPluginJar : add radio
2025-09-22 10:10:14,851 [INFO] IPUIPlugin:80 - create IPUIPlugin
2025-09-22 10:10:14,851 [INFO] PluginManager:220 - loadIPPluginJar : add resmgrutility
2025-09-22 10:10:14,856 [INFO] IPUIPlugin:80 - create IPUIPlugin
2025-09-22 10:10:14,857 [INFO] PluginManager:220 - loadIPPluginJar : add sai
2025-09-22 10:10:14,861 [INFO] IPUIPlugin:80 - create IPUIPlugin
2025-09-22 10:10:14,861 [INFO] PluginManager:220 - loadIPPluginJar : add spi
2025-09-22 10:10:14,871 [INFO] IPUIPlugin:80 - create IPUIPlugin
2025-09-22 10:10:14,872 [INFO] PluginManager:220 - loadIPPluginJar : add stm32_wpan
2025-09-22 10:10:14,876 [INFO] IPUIPlugin:80 - create IPUIPlugin
2025-09-22 10:10:14,876 [INFO] PluginManager:220 - loadIPPluginJar : add tim
2025-09-22 10:10:14,883 [INFO] IPUIPlugin:80 - create IPUIPlugin
2025-09-22 10:10:14,883 [INFO] PluginManager:220 - loadIPPluginJar : add touchsensing
2025-09-22 10:10:14,888 [INFO] IPUIPlugin:80 - create IPUIPlugin
2025-09-22 10:10:14,888 [INFO] PluginManager:220 - loadIPPluginJar : add tracer_emb
2025-09-22 10:10:14,892 [INFO] IPUIPlugin:80 - create IPUIPlugin
2025-09-22 10:10:14,892 [INFO] PluginManager:220 - loadIPPluginJar : add ts
2025-09-22 10:10:14,895 [INFO] IPUIPlugin:80 - create IPUIPlugin
2025-09-22 10:10:14,895 [INFO] PluginManager:220 - loadIPPluginJar : add tsc
2025-09-22 10:10:14,899 [INFO] IPUIPlugin:80 - create IPUIPlugin
2025-09-22 10:10:14,900 [INFO] PluginManager:220 - loadIPPluginJar : add ucpd
2025-09-22 10:10:14,905 [INFO] IPUIPlugin:80 - create IPUIPlugin
2025-09-22 10:10:14,905 [INFO] PluginManager:220 - loadIPPluginJar : add usart
2025-09-22 10:10:14,910 [INFO] IPUIPlugin:80 - create IPUIPlugin
2025-09-22 10:10:14,910 [INFO] PluginManager:220 - loadIPPluginJar : add usbx
2025-09-22 10:10:15,106 [FATAL] Updater:351 - Updater called before beeing initialized
2025-09-22 10:10:15,164 [INFO] RulesReader:64 - Compatibility file has been processed (317 Rules)
2025-09-22 10:10:15,195 [INFO] RulesReader:64 - Compatibility file has been processed (317 Rules)
2025-09-22 10:10:15,215 [INFO] CADModel:165 - CPN selected for project level
2025-09-22 10:10:15,217 [INFO] CADModel:114 - Register for checkConnection events
2025-09-22 10:10:15,217 [FATAL] Updater:351 - Updater called before beeing initialized
2025-09-22 10:10:15,217 [ERROR] CADModel:125 - Updater not yet initialized, retry later 
2025-09-22 10:10:15,539 [FATAL] Updater:351 - Updater called before beeing initialized
2025-09-22 10:10:15,542 [INFO] CADModel:165 - CPN selected for project level
2025-09-22 10:10:15,542 [INFO] CADModel:114 - Register for checkConnection events
2025-09-22 10:10:15,542 [FATAL] Updater:351 - Updater called before beeing initialized
2025-09-22 10:10:15,542 [ERROR] CADModel:125 - Updater not yet initialized, retry later 
2025-09-22 10:10:15,549 [FATAL] Updater:351 - Updater called before beeing initialized
2025-09-22 10:10:15,752 [FATAL] Updater:351 - Updater called before beeing initialized
2025-09-22 10:10:15,759 [INFO] DbMcusAds:53 - JSON generation date=Tue Jul 08 15:14:23 ICT 2025 (1751962463524)
2025-09-22 10:10:15,759 [FATAL] Updater:351 - Updater called before beeing initialized
2025-09-22 10:10:15,838 [WARN] DetailPanel:346 - Failed to get advertising image, set to default
2025-09-22 10:10:16,004 [FATAL] Updater:351 - Updater called before beeing initialized
2025-09-22 10:10:16,007 [FATAL] Updater:351 - Updater called before beeing initialized
2025-09-22 10:10:16,008 [FATAL] Updater:351 - Updater called before beeing initialized
2025-09-22 10:10:16,008 [WARN] DetailPanel:346 - Failed to get advertising image, set to default
2025-09-22 10:10:16,010 [FATAL] Updater:351 - Updater called before beeing initialized
2025-09-22 10:10:16,117 [ERROR] Updater:1198 - MainUpdater not yet initialized. External WinMGr cannot be set.
2025-09-22 10:10:16,121 [INFO] Updater:1134 - Updater Version found : 6.15.0
2025-09-22 10:10:16,153 [INFO] ApplicationProperties:184 - Using Application install path: C:\ST\STM32CubeIDE_1.18.0\STM32CubeIDE\plugins\com.st.stm32cube.common.mx_6.15.0.202507011659
2025-09-22 10:10:16,411 [INFO] ThirdPartyUpdaterWithRetryManager:70 - Updater plugin not ready yet. [2/15]
2025-09-22 10:10:17,755 [ERROR] LogOutputStream:75 - [STDERR_REDIRECT] Sep 22, 2025 10:10:17 AM java.util.prefs.WindowsPreferences <init>
2025-09-22 10:10:17,757 [ERROR] LogOutputStream:75 - [STDERR_REDIRECT] WARNING: Could not open/create prefs root node Software\JavaSoft\Prefs at root 0xffffffff80000002. Windows RegCreateKeyEx(...) returned error code 5.
2025-09-22 10:10:17,759 [ERROR] LogOutputStream:75 - [STDERR_REDIRECT] 
2025-09-22 10:10:18,314 [INFO] MainUpdater:2872 - connection check result : 10
2025-09-22 10:10:18,316 [INFO] MainUpdater:289 - Updater Check For Update Now.
2025-09-22 10:10:18,316 [INFO] MicroXplorer:498 - Change Database Version : DB.6.0.150
2025-09-22 10:10:18,339 [INFO] McuFinderGlobals:63 - Set McuFinder mode to 2 (CubeIDE integrated)
2025-09-22 10:10:18,343 [INFO] UserAuth:487 - Internet connection configuration mode: 1
2025-09-22 10:10:18,401 [INFO] JxBrowserEngine:152 - Initiate JxBrowser Engine with user profile folder
2025-09-22 10:10:18,600 [INFO] CheckServerUpdateThread:120 - End of CheckServer Thread
2025-09-22 10:10:20,247 [WARN] PackLoader:240 - Cannot read IP mode file for STMicroelectronics.FP-SNS-MOTENVWB1.1.4.0
2025-09-22 10:10:20,279 [WARN] PackLoader:240 - Cannot read IP mode file for STMicroelectronics.X-CUBE-SMBUS.2.1.0
2025-09-22 10:10:20,305 [WARN] PackLoader:240 - Cannot read IP mode file for STMicroelectronics.X-CUBE-WB05N.1.1.0
2025-09-22 10:10:20,323 [WARN] PackLoader:240 - Cannot read IP mode file for STMicroelectronics.X-CUBE-ST60.1.0.0
2025-09-22 10:10:20,422 [WARN] PackLoader:240 - Cannot read IP mode file for STMicroelectronics.X-CUBE-AZRTOS-F7.1.1.0
2025-09-22 10:10:20,489 [WARN] PackLoader:240 - Cannot read IP mode file for Infineon.AIROC-Wi-Fi-Bluetooth-STM32.1.7.0
2025-09-22 10:10:20,566 [WARN] PackLoader:240 - Cannot read IP mode file for STMicroelectronics.X-CUBE-AZRTOS-H7.3.4.0
2025-09-22 10:10:20,592 [WARN] PackLoader:240 - Cannot read IP mode file for STMicroelectronics.X-CUBE-DISPLAY.3.0.0
2025-09-22 10:10:20,620 [WARN] PackLoader:240 - Cannot read IP mode file for STMicroelectronics.X-CUBE-NFC10.1.0.0
2025-09-22 10:10:20,646 [WARN] PackLoader:240 - Cannot read IP mode file for STMicroelectronics.X-CUBE-BLEMGR.4.0.0
2025-09-22 10:10:20,666 [WARN] PackLoader:240 - Cannot read IP mode file for emotas.I-CUBE-CANOPEN.1.3.0
2025-09-22 10:10:20,678 [WARN] ConditionMgr:438 - getConditionDescription Invalid condition id : Cortex-A Device cause : null
2025-09-22 10:10:20,706 [WARN] ConditionMgr:1044 - genDependencies : Invalid condition id : Cortex-A Device cause : null
2025-09-22 10:10:20,706 [WARN] ConditionMgr:1044 - genDependencies : Invalid condition id : Cortex-A Device cause : null
2025-09-22 10:10:20,706 [WARN] ConditionMgr:1044 - genDependencies : Invalid condition id : Cortex-A Device cause : null
2025-09-22 10:10:20,713 [INFO] WebApp:169 - Instantiating new browser for Auth
2025-09-22 10:10:20,716 [WARN] PackLoader:240 - Cannot read IP mode file for STMicroelectronics.X-CUBE-AI.10.0.0
2025-09-22 10:10:20,735 [WARN] PackLoader:240 - Cannot read IP mode file for STMicroelectronics.FP-SNS-STBOX1.2.1.0
2025-09-22 10:10:20,753 [WARN] PackLoader:240 - Cannot read IP mode file for STMicroelectronics.FP-SNS-SMARTAG2.1.2.0
2025-09-22 10:10:20,960 [WARN] PackLoader:240 - Cannot read IP mode file for STMicroelectronics.X-CUBE-MEMS1.11.1.0
2025-09-22 10:10:21,460 [INFO] LogOutputStream:77 - [STDOUT_REDIRECT] 1 : Invalid condition id : UX_CORESTACK_Condition cause : null
2025-09-22 10:10:21,462 [INFO] LogOutputStream:77 - [STDOUT_REDIRECT] 1 : Invalid condition id : UX_CORESTACK_Condition cause : null
2025-09-22 10:10:21,465 [INFO] LogOutputStream:77 - [STDOUT_REDIRECT] 1 : Invalid condition id : UX_CORESTACK_Condition cause : null
2025-09-22 10:10:21,469 [INFO] LogOutputStream:77 - [STDOUT_REDIRECT] 1 : Invalid condition id : UX_CORESTACK_Condition cause : null
2025-09-22 10:10:21,472 [INFO] LogOutputStream:77 - [STDOUT_REDIRECT] 1 : Invalid condition id : UX_CORESTACK_Condition cause : null
2025-09-22 10:10:21,479 [WARN] PackLoader:240 - Cannot read IP mode file for STMicroelectronics.X-CUBE-AZRTOS-WL.2.0.0
2025-09-22 10:10:21,495 [WARN] PackLoader:240 - Cannot read IP mode file for STMicroelectronics.FP-SNS-MOTENV1.5.0.0
2025-09-22 10:10:21,519 [WARN] PackLoader:240 - Cannot read IP mode file for WES.I-CUBE-Cesium.1.3.0
2025-09-22 10:10:21,534 [WARN] PackLoader:240 - Cannot read IP mode file for STMicroelectronics.X-CUBE-BLE2.3.3.0
2025-09-22 10:10:21,551 [WARN] PackLoader:240 - Cannot read IP mode file for STMicroelectronics.X-CUBE-NFC9.1.0.0
2025-09-22 10:10:21,567 [WARN] PackLoader:240 - Cannot read IP mode file for wolfSSL.I-CUBE-wolfMQTT.1.19.2
2025-09-22 10:10:21,583 [WARN] PackLoader:240 - Cannot read IP mode file for STMicroelectronics.X-CUBE-EEPRMA1.5.2.0
2025-09-22 10:10:21,597 [WARN] PackLoader:240 - Cannot read IP mode file for STMicroelectronics.X-CUBE-AI.10.1.0
2025-09-22 10:10:21,712 [WARN] PackLoader:240 - Cannot read IP mode file for STMicroelectronics.X-CUBE-MEMS1.11.2.0
2025-09-22 10:10:22,149 [WARN] PackLoader:240 - Cannot read IP mode file for STMicroelectronics.X-CUBE-AZRTOS-G0.1.1.0
2025-09-22 10:10:22,171 [WARN] PackLoader:240 - Cannot read IP mode file for STMicroelectronics.X-CUBE-SAFEA1.1.2.2
2025-09-22 10:10:22,189 [WARN] PackLoader:240 - Cannot read IP mode file for STMicroelectronics.X-CUBE-NFC4.3.0.0
2025-09-22 10:10:22,216 [WARN] PackLoader:240 - Cannot read IP mode file for EmbeddedOffice.I-CUBE-FS-RTOS.1.0.1
2025-09-22 10:10:22,231 [WARN] PackLoader:240 - Cannot read IP mode file for STMicroelectronics.X-CUBE-WB05N.2.0.0
2025-09-22 10:10:22,243 [WARN] PackLoader:240 - Cannot read IP mode file for wolfSSL.I-CUBE-wolfTPM.3.8.0
2025-09-22 10:10:22,263 [WARN] PackLoader:240 - Cannot read IP mode file for STMicroelectronics.X-CUBE-TCPP.4.2.0
2025-09-22 10:10:22,281 [WARN] PackLoader:240 - Cannot read IP mode file for RealThread.X-CUBE-RT-Thread_Nano.4.1.1
2025-09-22 10:10:22,293 [WARN] PackLoader:240 - Cannot read IP mode file for STMicroelectronics.FP-ATR-SIGFOX1.3.2.0
2025-09-22 10:10:22,305 [WARN] PackLoader:240 - Cannot read IP mode file for STMicroelectronics.X-CUBE-EEPRMA1.5.1.0
2025-09-22 10:10:22,322 [WARN] PackLoader:240 - Cannot read IP mode file for wolfSSL.I-CUBE-wolfSSL.5.7.6
2025-09-22 10:10:22,342 [WARN] PackLoader:240 - Cannot read IP mode file for ITTIA_DB.I-CUBE-ITTIADB.8.9.0
2025-09-22 10:10:22,365 [WARN] PackLoader:240 - Cannot read IP mode file for STMicroelectronics.X-CUBE-ST67W61.1.0.0
2025-09-22 10:10:22,379 [WARN] PackLoader:240 - Cannot read IP mode file for STMicroelectronics.X-CUBE-AI.10.2.0
2025-09-22 10:10:22,486 [WARN] PackLoader:240 - Cannot read IP mode file for SEGGER.I-CUBE-embOS.1.3.1
2025-09-22 10:10:22,577 [WARN] PackLoader:240 - Cannot read IP mode file for STMicroelectronics.X-CUBE-ALGOBUILD.1.4.0
2025-09-22 10:10:22,693 [WARN] PackLoader:240 - Cannot read IP mode file for STMicroelectronics.X-CUBE-MEMS1.11.3.0
2025-09-22 10:10:22,968 [WARN] PackLoader:240 - Cannot read IP mode file for STMicroelectronics.X-CUBE-PM33A1.1.0.0
2025-09-22 10:10:23,004 [WARN] PackLoader:240 - Cannot read IP mode file for STMicroelectronics.X-CUBE-AZRTOS-F4.1.1.0
2025-09-22 10:10:23,020 [WARN] PackLoader:240 - Cannot read IP mode file for Avnet-IotConnect.X-CUBE-IoTC-DA16k-PMOD.1.0.0
2025-09-22 10:10:23,031 [WARN] PackLoader:240 - Cannot read IP mode file for STMicroelectronics.X-CUBE-ISPU.2.1.0
2025-09-22 10:10:23,045 [WARN] PackLoader:240 - Cannot read IP mode file for STMicroelectronics.X-CUBE-NFC12.1.0.0
2025-09-22 10:10:23,084 [WARN] PackLoader:240 - Cannot read IP mode file for STMicroelectronics.X-CUBE-AZRTOS-L5.2.0.0
2025-09-22 10:10:23,105 [WARN] PackLoader:240 - Cannot read IP mode file for STMicroelectronics.X-CUBE-NFC6.3.1.0
2025-09-22 10:10:23,123 [WARN] PackLoader:240 - Cannot read IP mode file for STMicroelectronics.X-CUBE-DPower.1.2.0
2025-09-22 10:10:23,138 [WARN] PackLoader:240 - Cannot read IP mode file for STMicroelectronics.X-CUBE-FREERTOS.1.3.1
2025-09-22 10:10:23,149 [WARN] PackLoader:240 - Cannot read IP mode file for STMicroelectronics.X-CUBE-FREERTOS.1.3.0
2025-09-22 10:10:23,162 [WARN] PackLoader:240 - Cannot read IP mode file for STMicroelectronics.X-CUBE-NFC7.1.0.1
2025-09-22 10:10:23,176 [WARN] PackLoader:240 - Cannot read IP mode file for STMicroelectronics.FP-SNS-STAIOTCFT.1.0.0
2025-09-22 10:10:23,214 [WARN] PackLoader:240 - Cannot read IP mode file for STMicroelectronics.X-CUBE-DPower.1.3.0
2025-09-22 10:10:23,290 [WARN] ConditionMgr:438 - getConditionDescription Invalid condition id : LAN8742 Phy interface Condition cause : null
2025-09-22 10:10:23,292 [WARN] PackLoader:240 - Cannot read IP mode file for STMicroelectronics.X-CUBE-AZRTOS-L4.2.0.0
2025-09-22 10:10:23,296 [WARN] ConditionMgr:1044 - genDependencies : Invalid condition id : LAN8742 Phy interface Condition cause : null
2025-09-22 10:10:23,297 [WARN] ConditionMgr:1044 - genDependencies : Invalid condition id : LAN8742 Phy interface Condition cause : null
2025-09-22 10:10:23,299 [WARN] ConditionMgr:1044 - genDependencies : Invalid condition id : LAN8742 Phy interface Condition cause : null
2025-09-22 10:10:23,321 [WARN] PackLoader:240 - Cannot read IP mode file for STMicroelectronics.X-CUBE-SFXS2LP1.4.0.0
2025-09-22 10:10:23,362 [WARN] PackLoader:240 - Cannot read IP mode file for STMicroelectronics.X-CUBE-AZRTOS-H7.3.3.0
2025-09-22 10:10:23,396 [WARN] PackLoader:240 - Cannot read IP mode file for STMicroelectronics.X-CUBE-BLEMGR.4.1.0
2025-09-22 10:10:23,502 [WARN] ConditionMgr:438 - getConditionDescription Invalid condition id : UX DEVICE CLASS RTOS Condition cause : null
2025-09-22 10:10:23,503 [WARN] ConditionMgr:438 - getConditionDescription Invalid condition id : UX DEVICE CLASS RTOS Condition cause : null
2025-09-22 10:10:23,512 [WARN] PackLoader:240 - Cannot read IP mode file for STMicroelectronics.X-CUBE-AZRTOS-WB.2.0.0
2025-09-22 10:10:23,513 [WARN] ConditionMgr:1044 - genDependencies : Invalid condition id : UX DEVICE CLASS RTOS Condition cause : null
2025-09-22 10:10:23,515 [WARN] ConditionMgr:1044 - genDependencies : Invalid condition id : UX DEVICE CLASS RTOS Condition cause : null
2025-09-22 10:10:23,516 [WARN] ConditionMgr:1044 - genDependencies : Invalid condition id : UX DEVICE CLASS RTOS Condition cause : null
2025-09-22 10:10:23,518 [WARN] ConditionMgr:1044 - genDependencies : Invalid condition id : UX DEVICE CLASS RTOS Condition cause : null
2025-09-22 10:10:23,518 [WARN] ConditionMgr:1044 - genDependencies : Invalid condition id : UX DEVICE CLASS RTOS Condition cause : null
2025-09-22 10:10:23,535 [WARN] PackLoader:240 - Cannot read IP mode file for STMicroelectronics.X-CUBE-GNSS1.7.0.1
2025-09-22 10:10:23,554 [WARN] PackLoader:240 - Cannot read IP mode file for STMicroelectronics.FP-SNS-STBOX1.2.0.0
2025-09-22 10:10:23,598 [WARN] PackLoader:240 - Cannot read IP mode file for STMicroelectronics.X-CUBE-SUBG2.5.0.0
2025-09-22 10:10:23,656 [WARN] PackLoader:240 - Cannot read IP mode file for STMicroelectronics.X-CUBE-AZRTOS-H7RS.1.1.0
2025-09-22 10:10:23,722 [WARN] PackLoader:240 - Cannot read IP mode file for Cesanta.I-CUBE-Mongoose.7.13.0
2025-09-22 10:10:23,757 [WARN] PackLoader:240 - Cannot read IP mode file for STMicroelectronics.X-CUBE-AZRTOS-G4.2.0.0
2025-09-22 10:10:23,787 [WARN] PackLoader:240 - Cannot read IP mode file for wolfSSL.I-CUBE-wolfSSH.1.4.20
2025-09-22 10:10:23,796 [WARN] PackLoader:240 - Cannot read IP mode file for STMicroelectronics.X-CUBE-NFC7.2.0.0
2025-09-22 10:10:23,840 [WARN] PackLoader:240 - Cannot read IP mode file for STMicroelectronics.X-CUBE-IPS.3.1.0
2025-09-22 10:10:23,867 [WARN] PackLoader:240 - Cannot read IP mode file for STMicroelectronics.X-CUBE-ALS.1.0.2
2025-09-22 10:10:23,888 [WARN] PackLoader:240 - Cannot read IP mode file for STMicroelectronics.X-CUBE-STSE01.1.0.0
2025-09-22 10:10:23,905 [WARN] PackLoader:240 - Cannot read IP mode file for portGmbH.I-Cube-SoM-uGOAL.1.1.0
2025-09-22 10:10:23,915 [INFO] WebApp:463 - Apply proxy settings
2025-09-22 10:10:23,917 [INFO] WebApp:548 - Chromium requires no authentication
2025-09-22 10:10:23,930 [WARN] PackLoader:240 - Cannot read IP mode file for STMicroelectronics.X-CUBE-TOF1.3.4.2
2025-09-22 10:10:23,947 [INFO] WebApp:491 - Direct internet connection detected
2025-09-22 10:10:23,978 [WARN] PackLoader:240 - Cannot read IP mode file for STMicroelectronics.X-CUBE-TOF1.3.4.3
2025-09-22 10:10:24,001 [INFO] ThirdParty:978 - Integrity check success = true
2025-09-22 10:10:24,001 [INFO] IntegrityCheckThread:100 - exiting critical section [integrity check]
2025-09-22 10:10:24,001 [INFO] IntegrityCheckThread:103 - End integrity checks thread
2025-09-22 10:10:24,038 [INFO] WebApp:900 - Register for checkConnection events
2025-09-22 10:10:24,038 [INFO] WebApp:463 - Apply proxy settings
2025-09-22 10:10:24,039 [INFO] WebApp:548 - Chromium requires no authentication
2025-09-22 10:10:24,040 [INFO] WebApp:491 - Direct internet connection detected
2025-09-22 10:10:24,455 [INFO] WebApp:191 - Connection restablished
2025-09-22 10:10:24,712 [INFO] WebApp:225 - Starting web application
2025-09-22 10:10:24,713 [INFO] WebApp:593 - Web application path used C:\ST\STM32CubeIDE_1.18.0\STM32CubeIDE\plugins\com.st.stm32cube.common.mx_6.15.0.202507011659\db\plugins\mcufinder\reactClient1\index.html
2025-09-22 10:10:25,051 [INFO] UserAuth:487 - Internet connection configuration mode: 1
2025-09-22 10:10:56,847 [INFO] McuFinderGlobals:63 - Set McuFinder mode to 2 (CubeIDE integrated)
2025-09-22 10:11:01,614 [INFO] MainUpdater:2872 - connection check result : 10
2025-09-22 10:11:01,618 [INFO] MainUpdater:2872 - connection check result : 10
2025-09-22 10:11:01,729 [INFO] MicroXplorer:468 - Change Database Path : 
2025-09-22 10:11:01,730 [INFO] MicroXplorer:498 - Change Database Version : DB.6.0.150
2025-09-22 10:11:01,746 [WARN] ThirdParty:871 - waiting for thirdparty lock release [close project]
2025-09-22 10:11:01,747 [INFO] ThirdParty:873 - entering critical section [close project]
2025-09-22 10:11:01,750 [INFO] ThirdParty:883 - exiting critical section [close project]
2025-09-22 10:11:01,757 [INFO] PinOutPanel:1589 - setPackage(No Configuration,No Configuration)
2025-09-22 10:11:01,761 [INFO] UtilMem:75 - Begin LoadConfig() Used Memory: 452921624 Bytes (664797184)
2025-09-22 10:11:01,764 [INFO] MicroXplorer:468 - Change Database Path : 
2025-09-22 10:11:01,764 [INFO] MicroXplorer:498 - Change Database Version : DB.6.0.150
2025-09-22 10:11:01,765 [INFO] OpenFileManager:355 - Change cursor
2025-09-22 10:11:01,817 [INFO] Mcu:2029 - Initializing MCU STM32F103C(4-6)Tx STM32F103C6Tx STM32F103C6T6A
2025-09-22 10:11:03,959 [INFO] Context:786 - Trying to add GPIOservice into a context  which must be forbidden
2025-09-22 10:11:04,398 [INFO] ImportTextPane:234 - (OptionalMessage_ERROR) Pin13 (VP_RIF_VS_RIF1) cannot be retrieved for this MCU
2025-09-22 10:11:04,791 [INFO] RtosManager:558 - Registered RTOS mode: class=CMSIS, group=RTOS, mode=CMSIS_V1, owner=FREERTOS
2025-09-22 10:11:04,791 [INFO] RtosManager:558 - Registered RTOS mode: class=CMSIS, group=RTOS2, mode=CMSIS_V2, owner=FREERTOS
2025-09-22 10:11:04,792 [INFO] RtosManager:558 - Registered RTOS mode: class=RTOS, group=Core, mode=CMSIS_V1, owner=FREERTOS
2025-09-22 10:11:04,792 [INFO] RtosManager:558 - Registered RTOS mode: class=RTOS, group=Core, mode=CMSIS_V2, owner=FREERTOS
2025-09-22 10:11:04,792 [WARN] ModelIntegratedComponent:184 - Missing modes for component STMicroelectronics:FreeRTOS:0.0.1:STMicroelectronics:RTOS:FreeRTOS:Core:::10.2.0:
2025-09-22 10:11:04,844 [WARN] ModelIntegratedComponent:63 - No mode defined for component null
2025-09-22 10:11:04,844 [WARN] ModelIntegratedComponent:63 - No mode defined for component null
2025-09-22 10:11:04,844 [WARN] ModelIntegratedComponent:63 - No mode defined for component null
2025-09-22 10:11:04,845 [WARN] ModelIntegratedComponent:63 - No mode defined for component null
2025-09-22 10:11:04,845 [WARN] ModelIntegratedComponent:63 - No mode defined for component null
2025-09-22 10:11:04,845 [WARN] ModelIntegratedComponent:63 - No mode defined for component null
2025-09-22 10:11:04,845 [WARN] ModelIntegratedComponent:63 - No mode defined for component null
2025-09-22 10:11:04,845 [WARN] ModelIntegratedComponent:63 - No mode defined for component null
2025-09-22 10:11:04,845 [WARN] ModelIntegratedComponent:63 - No mode defined for component null
2025-09-22 10:11:04,845 [WARN] ModelIntegratedComponent:63 - No mode defined for component null
2025-09-22 10:11:04,845 [WARN] ModelIntegratedComponent:63 - No mode defined for component null
2025-09-22 10:11:04,845 [WARN] ModelIntegratedComponent:63 - No mode defined for component null
2025-09-22 10:11:04,845 [WARN] ModelIntegratedComponent:63 - No mode defined for component null
2025-09-22 10:11:04,846 [WARN] ModelIntegratedComponent:63 - No mode defined for component null
2025-09-22 10:11:04,846 [WARN] ModelIntegratedComponent:63 - No mode defined for component null
2025-09-22 10:11:04,846 [WARN] ModelIntegratedComponent:63 - No mode defined for component null
2025-09-22 10:11:04,846 [WARN] ModelIntegratedComponent:63 - No mode defined for component null
2025-09-22 10:11:04,846 [WARN] ModelIntegratedComponent:63 - No mode defined for component null
2025-09-22 10:11:04,846 [WARN] ModelIntegratedComponent:63 - No mode defined for component null
2025-09-22 10:11:04,846 [WARN] ModelIntegratedComponent:63 - No mode defined for component null
2025-09-22 10:11:04,846 [WARN] ModelIntegratedComponent:63 - No mode defined for component null
2025-09-22 10:11:04,846 [WARN] ModelIntegratedComponent:63 - No mode defined for component null
2025-09-22 10:11:04,846 [WARN] ModelIntegratedComponent:63 - No mode defined for component null
2025-09-22 10:11:04,847 [WARN] ModelIntegratedComponent:63 - No mode defined for component null
2025-09-22 10:11:04,847 [WARN] ModelIntegratedComponent:63 - No mode defined for component null
2025-09-22 10:11:04,847 [WARN] ModelIntegratedComponent:63 - No mode defined for component null
2025-09-22 10:11:04,847 [WARN] ModelIntegratedComponent:63 - No mode defined for component null
2025-09-22 10:11:04,847 [WARN] ModelIntegratedComponent:63 - No mode defined for component null
2025-09-22 10:11:04,847 [WARN] ModelIntegratedComponent:63 - No mode defined for component null
2025-09-22 10:11:04,847 [WARN] ModelIntegratedComponent:63 - No mode defined for component null
2025-09-22 10:11:04,847 [WARN] ModelIntegratedComponent:63 - No mode defined for component null
2025-09-22 10:11:04,847 [WARN] ModelIntegratedComponent:63 - No mode defined for component null
2025-09-22 10:11:04,847 [WARN] ModelIntegratedComponent:63 - No mode defined for component null
2025-09-22 10:11:04,848 [WARN] ModelIntegratedComponent:63 - No mode defined for component null
2025-09-22 10:11:04,848 [WARN] ModelIntegratedComponent:63 - No mode defined for component null
2025-09-22 10:11:04,848 [WARN] ModelPack:524 - Component already loaded: STMicroelectronics:HAL Drivers:0.0.0:STMicroelectronics:Device:STMicro_Driver:XSPI:HAL::0.0.1:HAL_XSPI
2025-09-22 10:11:05,157 [INFO] ThirdPartyModel:298 - Start build external matchings
2025-09-22 10:11:06,991 [INFO] ThirdPartyModel:316 - End build external matchings
2025-09-22 10:11:07,511 [INFO] ApiDb:581 - Connected to CubeFinder SQLite database (C:\Users\khanh\.stmcufinder\plugins\mcufinder\mcu\cube-finder-db.db)
2025-09-22 10:11:07,703 [INFO] ApiDb:668 - CubeFinder database Data Model version=2.1
2025-09-22 10:11:07,704 [INFO] ApiDb:669 - CubeFinder database Configuration version=3.0.39
2025-09-22 10:11:07,704 [INFO] ApiDb:670 - CubeFinder database generation date=2025-08-25 (1756130511)
2025-09-22 10:11:07,705 [INFO] ApiDb:671 - CubeFinder database FW Pack versions=[FP-ATR-ASTRA1_V2.0.0, FP-SNS-FLIGHT1_V5.1.0, FP-SNS-MOTENV1_V5.0.0, FP-SNS-MOTENVWB1_V1.4.0, FP-SNS-SMARTAG2_V1.2.0, FP-SNS-STBOX1_V2.1.0, STM32Cube_FW_C0_V1.4.0, STM32Cube_FW_F4_V1.28.3, STM32Cube_FW_F7_V1.17.4, STM32Cube_FW_G0_V1.6.2, STM32Cube_FW_G4_V1.6.1, STM32Cube_FW_H5_V1.5.0, STM32Cube_FW_H7RS_V1.2.0, STM32Cube_FW_H7_V1.12.1, STM32Cube_FW_L0_V1.12.2, STM32Cube_FW_L4_V1.18.1, STM32Cube_FW_L5_V1.5.1, STM32Cube_FW_N6_V1.2.0, STM32Cube_FW_U0_V1.3.0, STM32Cube_FW_U3_V1.2.0, STM32Cube_FW_U5_V1.8.0, STM32Cube_FW_WB0_V1.3.0, STM32Cube_FW_WBA_V1.7.0, STM32Cube_FW_WB_V1.23.0, STM32Cube_FW_WL3_V1.2.0, STM32Cube_FW_WL_V1.3.1, X-CUBE-ALGOBUILD_V1.4.0, X-CUBE-ALS_V1.0.2, X-CUBE-AZRTOS-F4_V1.1.0, X-CUBE-AZRTOS-F7_V1.1.0, X-CUBE-AZRTOS-G0_V1.1.0, X-CUBE-AZRTOS-G4_V2.0.0, X-CUBE-AZRTOS-H7RS_V1.1.0, X-CUBE-AZRTOS-H7_V3.4.0, X-CUBE-AZRTOS-L4_V2.0.0, X-CUBE-AZRTOS-L5_V2.0.0, X-CUBE-AZRTOS-WB_V2.0.0, X-CUBE-AZRTOS-WL_V2.0.0, X-CUBE-BLE1_V7.1.0, X-CUBE-BLE2_V3.3.0, X-CUBE-BLEMGR_V4.1.0, X-CUBE-EEPRMA1_V5.2.0, X-CUBE-FREERTOS_V1.3.1, X-CUBE-GNSS1_V6.0.0, X-CUBE-MEMS1_V11.3.0, X-CUBE-NFC4_V3.0.0, X-CUBE-NFC7_V2.0.0, X-CUBE-SFXS2LP1_V4.0.0, X-CUBE-ST67W61_V1.0.0, X-CUBE-SUBG2_V5.0.0, X-CUBE-TOF1_V3.4.3]
2025-09-22 10:11:07,963 [INFO] DbBoardsSqlite:226 - include board P-NUCLEO-WB55-NUCLEO as a kit item of type 'Nucleo-64'
2025-09-22 10:11:07,963 [INFO] DbBoardsSqlite:226 - include board P-NUCLEO-WB55-USBDONGLE as a kit item of type 'Nucleo USB Dongle'
2025-09-22 10:11:07,966 [INFO] DbBoardsSqlite:226 - include board STEVAL-IDP005V1 as a kit item of type 'Evaluation Board'
2025-09-22 10:11:07,967 [INFO] DbBoardsSqlite:226 - include board STEVAL-IDP005V2 as a kit item of type 'Evaluation Board'
2025-09-22 10:11:08,777 [INFO] ApiDb:240 - Found 880 in-development CPN: [B-G473E-ZEST1S, B-WB1M-WPAN1, B-WBA5M-WPAN, B-WL5M-SUBG1, NUCLEO-C031C6, NUCLEO-C051C8, NUCLEO-C071RB, NUCLEO-C092RC, NUCLEO-H503RB, NUCLEO-H533RE, NUCLEO-H563ZI, NUCLEO-H7S3L8, NUCLEO-N657X0-Q, NUCLEO-U031R8, NUCLEO-U083RC, NUCLEO-U385RG-Q, NUCLEO-U545RE-Q, NUCLEO-U5A5ZJ-Q, NUCLEO-WB05KZ, NUCLEO-WB07CC, NUCLEO-WB09KE, NUCLEO-WBA52CG, NUCLEO-WBA55CG, NUCLEO-WL33CC1, NUCLEO-WL33CC2, STEVAL-PROTEUS1, STEVAL-SMARTAG2, STEVAL-STWINBX1, STM320518-EVAL, STM32C0116-DK, STM32C011D6Y3TR, STM32C011D6Y6TR, STM32C011F4P3, STM32C011F4P6, STM32C011F4U3, STM32C011F4U6TR, STM32C011F6P3, STM32C011F6P6, STM32C011F6U3, STM32C011F6U6TR, STM32C011J4M3, STM32C011J4M6, STM32C011J6M3, STM32C011J6M6, STM32C0316-DK, STM32C031C4T3, STM32C031C4T6, STM32C031C4U3, STM32C031C4U6, STM32C031C6T3, STM32C031C6T6, STM32C031C6U3, STM32C031C6U6, STM32C031F4P3, STM32C031F4P6, STM32C031F6P3, STM32C031F6P6, STM32C031G4U3, STM32C031G4U6, STM32C031G6U3, STM32C031G6U6, STM32C031K4T3, STM32C031K4T6, STM32C031K4U3, STM32C031K4U6, STM32C031K6T3, STM32C031K6T6, STM32C031K6U3, STM32C031K6U6, STM32C051C6T6, STM32C051C6U6, STM32C051C8T6, STM32C051C8U6, STM32C051D8Y6TR, STM32C051F6P6, STM32C051F8P6, STM32C051G6U6, STM32C051G8U6, STM32C051K6T6, STM32C051K6U6, STM32C051K8T6, STM32C071C8T6, STM32C071C8T6N, STM32C071C8U6, STM32C071C8U6N, STM32C071CBT6, STM32C071CBT6N, STM32C071CBU6, STM32C071CBU6N, STM32C071F8P6, STM32C071F8P6N, STM32C071FBP6, STM32C071FBP6N, STM32C071FBY6TR, STM32C071G8U6, STM32C071G8U6N, STM32C071GBU6, STM32C071GBU6N, STM32C071K8T6, STM32C071K8T6N, STM32C071K8U6, STM32C071K8U6N, STM32C071KBT6, STM32C071KBT6N, STM32C071KBU6, STM32C071KBU6N, STM32C071R8T6, STM32C071R8T6N, STM32C071RBI6N, STM32C071RBT6, STM32C071RBT6N, STM32C091CBT6, STM32C091CBU6, STM32C091CCT6, STM32C091CCU6, STM32C091ECY6TR, STM32C091FBP6, STM32C091FCP6, STM32C091GBU6, STM32C091GCU6, STM32C091KBT6, STM32C091KBU6, STM32C091KCT6, STM32C091KCU6, STM32C091RBT6, STM32C091RCI6, STM32C091RCT6, STM32C092CBT6, STM32C092CBU6, STM32C092CCT6, STM32C092CCU6, STM32C092ECY6TR, STM32C092FBP6, STM32C092FCP6, STM32C092GBU6, STM32C092GCU6, STM32C092KBT6, STM32C092KBU6, STM32C092KCT6, STM32C092KCU6, STM32C092RBT6, STM32C092RCI6, STM32C092RCT6, STM32G071K8TXN, STM32G071K8UXN, STM32G081GBU6N, STM32G081KBT6N, STM32G081KBUXN, STM32G0B1CCT6N, STM32G0B1KCT6, STM32G0B1NEY6TR, STM32G0B1RCT6N, STM32G0C1CCT6, STM32G0C1CCT6N, STM32G0C1CCU6N, STM32G0C1CET6N, STM32G0C1CEU6N, STM32G0C1KCT6, STM32G0C1NEY6TR, STM32G0C1RCI6N, STM32G0C1RCT6N, STM32G0C1REI6N, STM32G0C1RET6N, STM32G0C1VCI6, STM32G0C1VEI6, STM32G411C6T3, STM32G411C6T6, STM32G411C6U3, STM32G411C6U6, STM32G411C8T3, STM32G411C8T6, STM32G411C8U3, STM32G411C8U6, STM32G411CBT3, STM32G411CBT6, STM32G411CBU3, STM32G411CBU6, STM32G411K6T3, STM32G411K6T6, STM32G411K6U3, STM32G411K6U6, STM32G411K8T3, STM32G411K8T6, STM32G411K8U3, STM32G411K8U6, STM32G411KBT3, STM32G411KBT6, STM32G411KBU3, STM32G411KBU6, STM32G411M6T3, STM32G411M6T6, STM32G411M8T3, STM32G411M8T6, STM32G411MBT3, STM32G411MBT6, STM32G411R6T3, STM32G411R6T6, STM32G411R8T3, STM32G411R8T6, STM32G411RBT3, STM32G411RBT6, STM32G414CBT3, STM32G414CBT6, STM32G414CBU3, STM32G414CBU6, STM32G414CCT3, STM32G414CCT6, STM32G414CCU3, STM32G414CCU6, STM32G414MBT3, STM32G414MBT6, STM32G414MCT3, STM32G414MCT6, STM32G414RBT3, STM32G414RBT6, STM32G414RCT3, STM32G414RCT6, STM32G414VBT3, STM32G414VBT6, STM32G414VCT3, STM32G414VCT6, STM32G431CBT3Z, STM32G431RBT3Z, STM32G471CCT6, STM32G471CCU6, STM32G471CET3, STM32G471CET6, STM32G471CEU3, STM32G471CEU6, STM32G471MCT6, STM32G471MET3, STM32G471MET6, STM32G471MEY6TR, STM32G471QCT6, STM32G471QET3, STM32G471RCT6, STM32G471RET3, STM32G471RET6, STM32G471VCH6, STM32G471VCI6, STM32G471VCT6, STM32G471VEH3, STM32G471VEH6, STM32G471VEI3, STM32G471VEI6, STM32G471VET3, STM32G471VET6, STM32G473QET3Z, STM32G473RET3Z, STM32G474CCT6, STM32G491RET3Z, STM32H503CBT6, STM32H503CBU6, STM32H503EBY6TR, STM32H503KBU6, STM32H503RBT6, STM32H523CCT6, STM32H523CCU6, STM32H523CET6, STM32H523CEU6, STM32H523HEY6TR, STM32H523RCT6, STM32H523RET6, STM32H523VCI6, STM32H523VCT6, STM32H523VEI6, STM32H523VET6, STM32H523ZCJ6, STM32H523ZCT6, STM32H523ZEJ6, STM32H523ZET6, STM32H533CET6, STM32H533CEU6, STM32H533HEY6TR, STM32H533RET6, STM32H533VEI6, STM32H533VET6, STM32H533ZEJ6, STM32H533ZET6, STM32H562AGI6, STM32H562AII6, STM32H562IGK6, STM32H562IGT6, STM32H562IIK6, STM32H562IIT6, STM32H562RGT6, STM32H562RGV6, STM32H562RIT6, STM32H562RIV6, STM32H562VGT6, STM32H562VIT6, STM32H562ZGT6, STM32H562ZIT6, STM32H563AGI6, STM32H563AII3Q, STM32H563AII6, STM32H563IGK6, STM32H563IGT6, STM32H563IIK3Q, STM32H563IIK6, STM32H563IIT3Q, STM32H563IIT6, STM32H563MIY3QTR, STM32H563RGT6, STM32H563RGV6, STM32H563RIT6, STM32H563RIV6, STM32H563VGT6, STM32H563VIT3Q, STM32H563VIT6, STM32H563ZGT6, STM32H563ZIT3Q, STM32H563ZIT6, STM32H573AII3Q, STM32H573AII6, STM32H573I-DK, STM32H573IIK3Q, STM32H573IIK6, STM32H573IIT3Q, STM32H573IIT6, STM32H573MIY3QTR, STM32H573RIT6, STM32H573RIV6, STM32H573VIT3Q, STM32H573VIT6, STM32H573ZIT3Q, STM32H573ZIT6, STM32H7R3A8I6, STM32H7R3I8K6, STM32H7R3I8T6, STM32H7R3L8H6, STM32H7R3L8H6H, STM32H7R3R8V6, STM32H7R3V8H6, STM32H7R3V8T6, STM32H7R3V8Y6TR, STM32H7R3Z8J6, STM32H7R3Z8T6, STM32H7R7A8I6, STM32H7R7I8K6, STM32H7R7I8T6, STM32H7R7L8H6, STM32H7R7L8H6H, STM32H7R7Z8J6, STM32H7S3A8I6, STM32H7S3I8K6, STM32H7S3I8T6, STM32H7S3L8H6, STM32H7S3L8H6H, STM32H7S3R8V6, STM32H7S3V8H6, STM32H7S3V8T6, STM32H7S3V8Y6TR, STM32H7S3Z8J6, STM32H7S3Z8T6, STM32H7S78-DK, STM32H7S7A8I6, STM32H7S7I8K6, STM32H7S7I8T6, STM32H7S7L8H6, STM32H7S7L8H6H, STM32H7S7Z8J6, STM32L4R5QGI6STR, STM32MP131AAE3, STM32MP131AAF3, STM32MP131AAG3, STM32MP131CAE3, STM32MP131CAF3, STM32MP131CAG3, STM32MP131DAE7, STM32MP131DAF7, STM32MP131DAG7, STM32MP131FAE7, STM32MP131FAF7, STM32MP131FAG7, STM32MP133AAE3, STM32MP133AAF3, STM32MP133AAG3, STM32MP133CAE3, STM32MP133CAF3, STM32MP133CAG3, STM32MP133DAE7, STM32MP133DAF7, STM32MP133DAG7, STM32MP133FAE7, STM32MP133FAF7, STM32MP133FAG7, STM32MP135AAE3, STM32MP135AAF3, STM32MP135AAG3, STM32MP135CAE3, STM32MP135CAF3, STM32MP135CAG3, STM32MP135DAE7, STM32MP135DAF7, STM32MP135DAG7, STM32MP135F-DK, STM32MP135FAE7, STM32MP135FAF7, STM32MP135FAF7T, STM32MP135FAF7U, STM32MP135FAG7, STM32MP211AAL3, STM32MP211AAM3, STM32MP211AAN3, STM32MP211AAO3, STM32MP211CAL3, STM32MP211CAM3, STM32MP211CAN3, STM32MP211CAO3, STM32MP211DAL3, STM32MP211DAM3, STM32MP211DAN3, STM32MP211DAO3, STM32MP211FAL3, STM32MP211FAM3, STM32MP211FAN3, STM32MP211FAO3, STM32MP213AAL3, STM32MP213AAM3, STM32MP213AAN3, STM32MP213AAO3, STM32MP213CAL3, STM32MP213CAM3, STM32MP213CAN3, STM32MP213CAO3, STM32MP213DAL3, STM32MP213DAM3, STM32MP213DAN3, STM32MP213DAO3, STM32MP213FAL3, STM32MP213FAM3, STM32MP213FAN3, STM32MP213FAO3, STM32MP215AAL3, STM32MP215AAM3, STM32MP215AAN3, STM32MP215AAO3, STM32MP215CAL3, STM32MP215CAM3, STM32MP215CAN3, STM32MP215CAO3, STM32MP215DAL3, STM32MP215DAM3, STM32MP215DAN3, STM32MP215DAO3, STM32MP215F-DK, STM32MP215FAL3, STM32MP215FAM3, STM32MP215FAN3, STM32MP215FAO3, STM32MP231AAJ3, STM32MP231AAK3, STM32MP231AAL3, STM32MP231CAJ3, STM32MP231CAK3, STM32MP231CAL3, STM32MP231DAJ3, STM32MP231DAK3, STM32MP231DAL3, STM32MP231FAJ3, STM32MP231FAK3, STM32MP231FAL3, STM32MP233AAJ3, STM32MP233AAK3, STM32MP233AAL3, STM32MP233CAJ3, STM32MP233CAK3, STM32MP233CAL3, STM32MP233DAJ3, STM32MP233DAK3, STM32MP233DAL3, STM32MP233FAJ3, STM32MP233FAK3, STM32MP233FAL3, STM32MP235AAJ3, STM32MP235AAK3, STM32MP235AAL3, STM32MP235CAJ3, STM32MP235CAK3, STM32MP235CAL3, STM32MP235DAJ3, STM32MP235DAK3, STM32MP235DAL3, STM32MP235FAJ3, STM32MP235FAK3, STM32MP235FAL3, STM32MP251AAI3, STM32MP251AAK3, STM32MP251AAL3, STM32MP251CAI3, STM32MP251CAK3, STM32MP251CAL3, STM32MP251DAI3, STM32MP251DAK3, STM32MP251DAL3, STM32MP251FAI3, STM32MP251FAK3, STM32MP251FAL3, STM32MP253AAI3, STM32MP253AAK3, STM32MP253AAL3, STM32MP253CAI3, STM32MP253CAK3, STM32MP253CAL3, STM32MP253DAI3, STM32MP253DAK3, STM32MP253DAL3, STM32MP253FAI3, STM32MP253FAK3, STM32MP253FAL3, STM32MP255AAI3, STM32MP255AAK3, STM32MP255AAL3, STM32MP255CAI3, STM32MP255CAK3, STM32MP255CAL3, STM32MP255DAI3, STM32MP255DAK3, STM32MP255DAL3, STM32MP255FAI3, STM32MP255FAK3, STM32MP255FAL3, STM32MP257AAI3, STM32MP257AAK3, STM32MP257AAL3, STM32MP257CAI3, STM32MP257CAK3, STM32MP257CAL3, STM32MP257DAI3, STM32MP257DAK3, STM32MP257DAL3, STM32MP257F-DK, STM32MP257F-EV1, STM32MP257FAI3, STM32MP257FAK3, STM32MP257FAL3, STM32N645A0H3Q, STM32N645B0H3Q, STM32N645I0H3Q, STM32N645L0H3Q, STM32N645X0H3Q, STM32N645Z0H3Q, STM32N647A0H3Q, STM32N647B0H3Q, STM32N647I0H3Q, STM32N647L0H3Q, STM32N647X0H3Q, STM32N647Z0H3Q, STM32N655A0H3Q, STM32N655B0H3Q, STM32N655I0H3Q, STM32N655L0H3Q, STM32N655X0H3Q, STM32N655Z0H3Q, STM32N6570-DK, STM32N657A0H3Q, STM32N657B0H3Q, STM32N657I0H3Q, STM32N657L0H3Q, STM32N657X0H3Q, STM32N657Z0H3Q, STM32U031C6T6, STM32U031C6U6, STM32U031C8T6, STM32U031C8U6, STM32U031F4P6, STM32U031F6P6, STM32U031F8P6, STM32U031G6Y6TR, STM32U031G8Y6TR, STM32U031K4U6, STM32U031K6U6, STM32U031K8U6, STM32U031R6I6, STM32U031R6T6, STM32U031R8I6, STM32U031R8T6, STM32U073C8T6, STM32U073C8U6, STM32U073CBT6, STM32U073CBU6, STM32U073CCT6, STM32U073CCU6, STM32U073H8Y6TR, STM32U073HBY6TR, STM32U073HCY6TR, STM32U073K8U6, STM32U073KBU6, STM32U073KCU6, STM32U073M8I6, STM32U073M8T6, STM32U073MBI6, STM32U073MBT6, STM32U073MCI6, STM32U073MCT6, STM32U073R8I6, STM32U073R8T6, STM32U073RBI6, STM32U073RBT6, STM32U073RCI6, STM32U073RCT6, STM32U083C-DK, STM32U083CCT6, STM32U083CCU6, STM32U083HCY6TR, STM32U083KCU6, STM32U083MCI6, STM32U083MCT6, STM32U083RCI6, STM32U083RCT6, STM32U375CET6, STM32U375CET6Q, STM32U375CEU6, STM32U375CEU6Q, STM32U375CEY6QTR, STM32U375CGT6, STM32U375CGT6Q, STM32U375CGU6, STM32U375CGU6Q, STM32U375CGY6QTR, STM32U375KEU6, STM32U375KGU6, STM32U375REI6, STM32U375REI6Q, STM32U375RET6, STM32U375RET6Q, STM32U375REY6GTR, STM32U375REY6QTR, STM32U375RGI6, STM32U375RGI6Q, STM32U375RGT6, STM32U375RGT6Q, STM32U375RGY6GTR, STM32U375RGY6QTR, STM32U375VEI6, STM32U375VEI6Q, STM32U375VET6, STM32U375VET6Q, STM32U375VGI6, STM32U375VGI6Q, STM32U375VGT6, STM32U375VGT6Q, STM32U385CGT6, STM32U385CGT6Q, STM32U385CGU6, STM32U385CGU6Q, STM32U385CGY6QTR, STM32U385KGU6, STM32U385RGI6, STM32U385RGI6Q, STM32U385RGT6, STM32U385RGT6Q, STM32U385RGY6GTR, STM32U385RGY6QTR, STM32U385VGI6, STM32U385VGI6Q, STM32U385VGT6, STM32U385VGT6Q, STM32U535CBT6, STM32U535CBT6Q, STM32U535CBU6, STM32U535CBU6Q, STM32U535CCT6, STM32U535CCT6Q, STM32U535CCU6, STM32U535CCU6Q, STM32U535CET6, STM32U535CET6Q, STM32U535CEU6, STM32U535CEU6Q, STM32U535JEY6QTR, STM32U535NCY6QTR, STM32U535NEY6QTR, STM32U535RBI6, STM32U535RBI6Q, STM32U535RBT6, STM32U535RBT6Q, STM32U535RCI6, STM32U535RCI6Q, STM32U535RCT6, STM32U535RCT6Q, STM32U535REI6, STM32U535REI6Q, STM32U535RET6, STM32U535RET6Q, STM32U535VCI6, STM32U535VCI6Q, STM32U535VCT6, STM32U535VCT6Q, STM32U535VEI6, STM32U535VEI6Q, STM32U535VET6, STM32U535VET6Q, STM32U545CET6, STM32U545CET6Q, STM32U545CEU6, STM32U545CEU6Q, STM32U545JEY6QTR, STM32U545NEY6QTR, STM32U545REI6, STM32U545REI6Q, STM32U545RET6, STM32U545RET6Q, STM32U545VEI6, STM32U545VEI6Q, STM32U545VET6, STM32U545VET6Q, STM32U595AIH6, STM32U595AIH6Q, STM32U595AJH6, STM32U595AJH6Q, STM32U595QII6, STM32U595QII6Q, STM32U595QJI6, STM32U595QJI6Q, STM32U595RIT6, STM32U595RIT6Q, STM32U595RJT6, STM32U595RJT6Q, STM32U595VIT6, STM32U595VIT6Q, STM32U595VJT6, STM32U595VJT6Q, STM32U595ZIT6, STM32U595ZIT6Q, STM32U595ZIY6QTR, STM32U595ZJT6, STM32U595ZJT6Q, STM32U595ZJY6QTR, STM32U599BJY6QTR, STM32U599NIH6Q, STM32U599NJH6Q, STM32U599VIT6Q, STM32U599VJT6, STM32U599VJT6Q, STM32U599ZIT6Q, STM32U599ZIY6QTR, STM32U599ZJT6Q, STM32U599ZJY6QTR, STM32U5A5AJH6, STM32U5A5AJH6Q, STM32U5A5QII3Q , STM32U5A5QJI6, STM32U5A5QJI6Q, STM32U5A5RJT6, STM32U5A5RJT6Q, STM32U5A5VJT6, STM32U5A5VJT6Q, STM32U5A5ZJT6, STM32U5A5ZJT6Q, STM32U5A5ZJY6QTR, STM32U5A9BJY6QTR, STM32U5A9J-DK, STM32U5A9NJH6Q, STM32U5A9VJT6Q, STM32U5A9ZJT6Q, STM32U5A9ZJY6QTR, STM32U5F7VIT6, STM32U5F7VIT6Q, STM32U5F7VJT6, STM32U5F7VJT6Q, STM32U5F9BJY6QTR, STM32U5F9NJH6Q, STM32U5F9VIT6Q, STM32U5F9VJT6Q, STM32U5F9ZIJ6QTR, STM32U5F9ZIT6Q, STM32U5F9ZJJ6QTR, STM32U5F9ZJT6Q, STM32U5G7VJT6, STM32U5G7VJT6Q, STM32U5G9BJY6QTR, STM32U5G9J-DK1, STM32U5G9J-DK2, STM32U5G9NJH6Q, STM32U5G9VJT6Q, STM32U5G9ZJJ6QTR, STM32U5G9ZJT6Q, STM32WB05KZV6TR, STM32WB05KZV7TR, STM32WB05TZF6TR, STM32WB05TZF7TR, STM32WB06CCF6TR, STM32WB06CCF7TR, STM32WB06CCV6TR, STM32WB06CCV7TR, STM32WB06KCV6TR, STM32WB06KCV7TR, STM32WB07CCF6TR, STM32WB07CCF7TR, STM32WB07CCV6TR, STM32WB07CCV7TR, STM32WB07KCV6TR, STM32WB07KCV7TR, STM32WB09KEV6TR, STM32WB09KEV7TR, STM32WB09TEF6TR, STM32WB09TEF7TR, STM32WB1MMCH6, STM32WBA50KGU6, STM32WBA50KGU6TR, STM32WBA52CEU6, STM32WBA52CEU6TR, STM32WBA52CEU7, STM32WBA52CEU7TR, STM32WBA52CGU6, STM32WBA52CGU6TR, STM32WBA52CGU6U, STM32WBA52CGU7, STM32WBA52CGU7TR, STM32WBA52KEU6, STM32WBA52KEU6TR, STM32WBA52KGU6, STM32WBA52KGU6TR, STM32WBA54CEU6, STM32WBA54CEU6TR, STM32WBA54CEU7, STM32WBA54CEU7TR, STM32WBA54CGU6, STM32WBA54CGU6TR, STM32WBA54CGU7, STM32WBA54CGU7TR, STM32WBA54KEU6, STM32WBA54KEU6TR, STM32WBA54KEU7, STM32WBA54KEU7TR, STM32WBA54KGU6, STM32WBA54KGU6TR, STM32WBA54KGU7, STM32WBA54KGU7TR, STM32WBA55CEU6, STM32WBA55CEU6TR, STM32WBA55CEU7, STM32WBA55CEU7TR, STM32WBA55CGU6, STM32WBA55CGU6TR, STM32WBA55CGU6U, STM32WBA55CGU7, STM32WBA55CGU7TR, STM32WBA55G-DK1, STM32WBA55HEF6, STM32WBA55HEF7, STM32WBA55HGF6, STM32WBA55HGF7, STM32WBA55UEI6, STM32WBA55UEI6TR, STM32WBA55UEI7, STM32WBA55UEI7TR, STM32WBA55UGI6, STM32WBA55UGI6TR, STM32WBA55UGI7, STM32WBA55UGI7TR, STM32WBA5MMGH6TR, STM32WBA62MGF6, STM32WBA62MIF6, STM32WBA65MGF7, STM32WBA65MIF6, STM32WBA65MIF7, STM32WL30K8V6, STM32WL30KBV6, STM32WL31C8V6, STM32WL31CBV6, STM32WL31K8V6, STM32WL31KBV6, STM32WL33C8V6, STM32WL33C8V6X, STM32WL33CBV6, STM32WL33CBV6X, STM32WL33CCV6, STM32WL33CCV6A, STM32WL33CCV6X, STM32WL33K8V7, STM32WL33K8V7X, STM32WL33KBV7 , STM32WL33KBV7X, STM32WL33KCV7, STM32WL33KCV7X, STM32WL5MOCH6, STM32WL5MOCH6TR]
2025-09-22 10:11:09,510 [INFO] BoardInfo:889 - No configuration file found for board P-NUCLEO-WB55
2025-09-22 10:11:09,514 [INFO] DbBoards:161 - Kit is not supported: P-NUCLEO-WB55
2025-09-22 10:11:09,539 [INFO] BoardInfo:889 - No configuration file found for board STEVAL-BFA001V1B
2025-09-22 10:11:09,544 [INFO] DbBoards:161 - Kit is not supported: STEVAL-BFA001V1B
2025-09-22 10:11:09,547 [INFO] BoardInfo:889 - No configuration file found for board STEVAL-BFA001V2B
2025-09-22 10:11:09,551 [INFO] DbBoards:161 - Kit is not supported: STEVAL-BFA001V2B
2025-09-22 10:11:10,185 [INFO] DbBoards:168 - Found 212 boards, 209 are supported
2025-09-22 10:11:10,185 [INFO] DbBoards:169 - Found 212 boards, 43 of them is supported for  Bsp
2025-09-22 10:11:10,193 [INFO] ApiDb:668 - CubeFinder database Data Model version=2.1
2025-09-22 10:11:10,193 [INFO] ApiDb:669 - CubeFinder database Configuration version=3.0.39
2025-09-22 10:11:10,194 [INFO] ApiDb:670 - CubeFinder database generation date=2025-08-25 (1756130511)
2025-09-22 10:11:10,194 [INFO] ApiDb:671 - CubeFinder database FW Pack versions=[FP-ATR-ASTRA1_V2.0.0, FP-SNS-FLIGHT1_V5.1.0, FP-SNS-MOTENV1_V5.0.0, FP-SNS-MOTENVWB1_V1.4.0, FP-SNS-SMARTAG2_V1.2.0, FP-SNS-STBOX1_V2.1.0, STM32Cube_FW_C0_V1.4.0, STM32Cube_FW_F4_V1.28.3, STM32Cube_FW_F7_V1.17.4, STM32Cube_FW_G0_V1.6.2, STM32Cube_FW_G4_V1.6.1, STM32Cube_FW_H5_V1.5.0, STM32Cube_FW_H7RS_V1.2.0, STM32Cube_FW_H7_V1.12.1, STM32Cube_FW_L0_V1.12.2, STM32Cube_FW_L4_V1.18.1, STM32Cube_FW_L5_V1.5.1, STM32Cube_FW_N6_V1.2.0, STM32Cube_FW_U0_V1.3.0, STM32Cube_FW_U3_V1.2.0, STM32Cube_FW_U5_V1.8.0, STM32Cube_FW_WB0_V1.3.0, STM32Cube_FW_WBA_V1.7.0, STM32Cube_FW_WB_V1.23.0, STM32Cube_FW_WL3_V1.2.0, STM32Cube_FW_WL_V1.3.1, X-CUBE-ALGOBUILD_V1.4.0, X-CUBE-ALS_V1.0.2, X-CUBE-AZRTOS-F4_V1.1.0, X-CUBE-AZRTOS-F7_V1.1.0, X-CUBE-AZRTOS-G0_V1.1.0, X-CUBE-AZRTOS-G4_V2.0.0, X-CUBE-AZRTOS-H7RS_V1.1.0, X-CUBE-AZRTOS-H7_V3.4.0, X-CUBE-AZRTOS-L4_V2.0.0, X-CUBE-AZRTOS-L5_V2.0.0, X-CUBE-AZRTOS-WB_V2.0.0, X-CUBE-AZRTOS-WL_V2.0.0, X-CUBE-BLE1_V7.1.0, X-CUBE-BLE2_V3.3.0, X-CUBE-BLEMGR_V4.1.0, X-CUBE-EEPRMA1_V5.2.0, X-CUBE-FREERTOS_V1.3.1, X-CUBE-GNSS1_V6.0.0, X-CUBE-MEMS1_V11.3.0, X-CUBE-NFC4_V3.0.0, X-CUBE-NFC7_V2.0.0, X-CUBE-SFXS2LP1_V4.0.0, X-CUBE-ST67W61_V1.0.0, X-CUBE-SUBG2_V5.0.0, X-CUBE-TOF1_V3.4.3]
2025-09-22 10:11:15,160 [INFO] ApiDb:240 - Found 880 in-development CPN: [B-G473E-ZEST1S, B-WB1M-WPAN1, B-WBA5M-WPAN, B-WL5M-SUBG1, NUCLEO-C031C6, NUCLEO-C051C8, NUCLEO-C071RB, NUCLEO-C092RC, NUCLEO-H503RB, NUCLEO-H533RE, NUCLEO-H563ZI, NUCLEO-H7S3L8, NUCLEO-N657X0-Q, NUCLEO-U031R8, NUCLEO-U083RC, NUCLEO-U385RG-Q, NUCLEO-U545RE-Q, NUCLEO-U5A5ZJ-Q, NUCLEO-WB05KZ, NUCLEO-WB07CC, NUCLEO-WB09KE, NUCLEO-WBA52CG, NUCLEO-WBA55CG, NUCLEO-WL33CC1, NUCLEO-WL33CC2, STEVAL-PROTEUS1, STEVAL-SMARTAG2, STEVAL-STWINBX1, STM320518-EVAL, STM32C0116-DK, STM32C011D6Y3TR, STM32C011D6Y6TR, STM32C011F4P3, STM32C011F4P6, STM32C011F4U3, STM32C011F4U6TR, STM32C011F6P3, STM32C011F6P6, STM32C011F6U3, STM32C011F6U6TR, STM32C011J4M3, STM32C011J4M6, STM32C011J6M3, STM32C011J6M6, STM32C0316-DK, STM32C031C4T3, STM32C031C4T6, STM32C031C4U3, STM32C031C4U6, STM32C031C6T3, STM32C031C6T6, STM32C031C6U3, STM32C031C6U6, STM32C031F4P3, STM32C031F4P6, STM32C031F6P3, STM32C031F6P6, STM32C031G4U3, STM32C031G4U6, STM32C031G6U3, STM32C031G6U6, STM32C031K4T3, STM32C031K4T6, STM32C031K4U3, STM32C031K4U6, STM32C031K6T3, STM32C031K6T6, STM32C031K6U3, STM32C031K6U6, STM32C051C6T6, STM32C051C6U6, STM32C051C8T6, STM32C051C8U6, STM32C051D8Y6TR, STM32C051F6P6, STM32C051F8P6, STM32C051G6U6, STM32C051G8U6, STM32C051K6T6, STM32C051K6U6, STM32C051K8T6, STM32C071C8T6, STM32C071C8T6N, STM32C071C8U6, STM32C071C8U6N, STM32C071CBT6, STM32C071CBT6N, STM32C071CBU6, STM32C071CBU6N, STM32C071F8P6, STM32C071F8P6N, STM32C071FBP6, STM32C071FBP6N, STM32C071FBY6TR, STM32C071G8U6, STM32C071G8U6N, STM32C071GBU6, STM32C071GBU6N, STM32C071K8T6, STM32C071K8T6N, STM32C071K8U6, STM32C071K8U6N, STM32C071KBT6, STM32C071KBT6N, STM32C071KBU6, STM32C071KBU6N, STM32C071R8T6, STM32C071R8T6N, STM32C071RBI6N, STM32C071RBT6, STM32C071RBT6N, STM32C091CBT6, STM32C091CBU6, STM32C091CCT6, STM32C091CCU6, STM32C091ECY6TR, STM32C091FBP6, STM32C091FCP6, STM32C091GBU6, STM32C091GCU6, STM32C091KBT6, STM32C091KBU6, STM32C091KCT6, STM32C091KCU6, STM32C091RBT6, STM32C091RCI6, STM32C091RCT6, STM32C092CBT6, STM32C092CBU6, STM32C092CCT6, STM32C092CCU6, STM32C092ECY6TR, STM32C092FBP6, STM32C092FCP6, STM32C092GBU6, STM32C092GCU6, STM32C092KBT6, STM32C092KBU6, STM32C092KCT6, STM32C092KCU6, STM32C092RBT6, STM32C092RCI6, STM32C092RCT6, STM32G071K8TXN, STM32G071K8UXN, STM32G081GBU6N, STM32G081KBT6N, STM32G081KBUXN, STM32G0B1CCT6N, STM32G0B1KCT6, STM32G0B1NEY6TR, STM32G0B1RCT6N, STM32G0C1CCT6, STM32G0C1CCT6N, STM32G0C1CCU6N, STM32G0C1CET6N, STM32G0C1CEU6N, STM32G0C1KCT6, STM32G0C1NEY6TR, STM32G0C1RCI6N, STM32G0C1RCT6N, STM32G0C1REI6N, STM32G0C1RET6N, STM32G0C1VCI6, STM32G0C1VEI6, STM32G411C6T3, STM32G411C6T6, STM32G411C6U3, STM32G411C6U6, STM32G411C8T3, STM32G411C8T6, STM32G411C8U3, STM32G411C8U6, STM32G411CBT3, STM32G411CBT6, STM32G411CBU3, STM32G411CBU6, STM32G411K6T3, STM32G411K6T6, STM32G411K6U3, STM32G411K6U6, STM32G411K8T3, STM32G411K8T6, STM32G411K8U3, STM32G411K8U6, STM32G411KBT3, STM32G411KBT6, STM32G411KBU3, STM32G411KBU6, STM32G411M6T3, STM32G411M6T6, STM32G411M8T3, STM32G411M8T6, STM32G411MBT3, STM32G411MBT6, STM32G411R6T3, STM32G411R6T6, STM32G411R8T3, STM32G411R8T6, STM32G411RBT3, STM32G411RBT6, STM32G414CBT3, STM32G414CBT6, STM32G414CBU3, STM32G414CBU6, STM32G414CCT3, STM32G414CCT6, STM32G414CCU3, STM32G414CCU6, STM32G414MBT3, STM32G414MBT6, STM32G414MCT3, STM32G414MCT6, STM32G414RBT3, STM32G414RBT6, STM32G414RCT3, STM32G414RCT6, STM32G414VBT3, STM32G414VBT6, STM32G414VCT3, STM32G414VCT6, STM32G431CBT3Z, STM32G431RBT3Z, STM32G471CCT6, STM32G471CCU6, STM32G471CET3, STM32G471CET6, STM32G471CEU3, STM32G471CEU6, STM32G471MCT6, STM32G471MET3, STM32G471MET6, STM32G471MEY6TR, STM32G471QCT6, STM32G471QET3, STM32G471RCT6, STM32G471RET3, STM32G471RET6, STM32G471VCH6, STM32G471VCI6, STM32G471VCT6, STM32G471VEH3, STM32G471VEH6, STM32G471VEI3, STM32G471VEI6, STM32G471VET3, STM32G471VET6, STM32G473QET3Z, STM32G473RET3Z, STM32G474CCT6, STM32G491RET3Z, STM32H503CBT6, STM32H503CBU6, STM32H503EBY6TR, STM32H503KBU6, STM32H503RBT6, STM32H523CCT6, STM32H523CCU6, STM32H523CET6, STM32H523CEU6, STM32H523HEY6TR, STM32H523RCT6, STM32H523RET6, STM32H523VCI6, STM32H523VCT6, STM32H523VEI6, STM32H523VET6, STM32H523ZCJ6, STM32H523ZCT6, STM32H523ZEJ6, STM32H523ZET6, STM32H533CET6, STM32H533CEU6, STM32H533HEY6TR, STM32H533RET6, STM32H533VEI6, STM32H533VET6, STM32H533ZEJ6, STM32H533ZET6, STM32H562AGI6, STM32H562AII6, STM32H562IGK6, STM32H562IGT6, STM32H562IIK6, STM32H562IIT6, STM32H562RGT6, STM32H562RGV6, STM32H562RIT6, STM32H562RIV6, STM32H562VGT6, STM32H562VIT6, STM32H562ZGT6, STM32H562ZIT6, STM32H563AGI6, STM32H563AII3Q, STM32H563AII6, STM32H563IGK6, STM32H563IGT6, STM32H563IIK3Q, STM32H563IIK6, STM32H563IIT3Q, STM32H563IIT6, STM32H563MIY3QTR, STM32H563RGT6, STM32H563RGV6, STM32H563RIT6, STM32H563RIV6, STM32H563VGT6, STM32H563VIT3Q, STM32H563VIT6, STM32H563ZGT6, STM32H563ZIT3Q, STM32H563ZIT6, STM32H573AII3Q, STM32H573AII6, STM32H573I-DK, STM32H573IIK3Q, STM32H573IIK6, STM32H573IIT3Q, STM32H573IIT6, STM32H573MIY3QTR, STM32H573RIT6, STM32H573RIV6, STM32H573VIT3Q, STM32H573VIT6, STM32H573ZIT3Q, STM32H573ZIT6, STM32H7R3A8I6, STM32H7R3I8K6, STM32H7R3I8T6, STM32H7R3L8H6, STM32H7R3L8H6H, STM32H7R3R8V6, STM32H7R3V8H6, STM32H7R3V8T6, STM32H7R3V8Y6TR, STM32H7R3Z8J6, STM32H7R3Z8T6, STM32H7R7A8I6, STM32H7R7I8K6, STM32H7R7I8T6, STM32H7R7L8H6, STM32H7R7L8H6H, STM32H7R7Z8J6, STM32H7S3A8I6, STM32H7S3I8K6, STM32H7S3I8T6, STM32H7S3L8H6, STM32H7S3L8H6H, STM32H7S3R8V6, STM32H7S3V8H6, STM32H7S3V8T6, STM32H7S3V8Y6TR, STM32H7S3Z8J6, STM32H7S3Z8T6, STM32H7S78-DK, STM32H7S7A8I6, STM32H7S7I8K6, STM32H7S7I8T6, STM32H7S7L8H6, STM32H7S7L8H6H, STM32H7S7Z8J6, STM32L4R5QGI6STR, STM32MP131AAE3, STM32MP131AAF3, STM32MP131AAG3, STM32MP131CAE3, STM32MP131CAF3, STM32MP131CAG3, STM32MP131DAE7, STM32MP131DAF7, STM32MP131DAG7, STM32MP131FAE7, STM32MP131FAF7, STM32MP131FAG7, STM32MP133AAE3, STM32MP133AAF3, STM32MP133AAG3, STM32MP133CAE3, STM32MP133CAF3, STM32MP133CAG3, STM32MP133DAE7, STM32MP133DAF7, STM32MP133DAG7, STM32MP133FAE7, STM32MP133FAF7, STM32MP133FAG7, STM32MP135AAE3, STM32MP135AAF3, STM32MP135AAG3, STM32MP135CAE3, STM32MP135CAF3, STM32MP135CAG3, STM32MP135DAE7, STM32MP135DAF7, STM32MP135DAG7, STM32MP135F-DK, STM32MP135FAE7, STM32MP135FAF7, STM32MP135FAF7T, STM32MP135FAF7U, STM32MP135FAG7, STM32MP211AAL3, STM32MP211AAM3, STM32MP211AAN3, STM32MP211AAO3, STM32MP211CAL3, STM32MP211CAM3, STM32MP211CAN3, STM32MP211CAO3, STM32MP211DAL3, STM32MP211DAM3, STM32MP211DAN3, STM32MP211DAO3, STM32MP211FAL3, STM32MP211FAM3, STM32MP211FAN3, STM32MP211FAO3, STM32MP213AAL3, STM32MP213AAM3, STM32MP213AAN3, STM32MP213AAO3, STM32MP213CAL3, STM32MP213CAM3, STM32MP213CAN3, STM32MP213CAO3, STM32MP213DAL3, STM32MP213DAM3, STM32MP213DAN3, STM32MP213DAO3, STM32MP213FAL3, STM32MP213FAM3, STM32MP213FAN3, STM32MP213FAO3, STM32MP215AAL3, STM32MP215AAM3, STM32MP215AAN3, STM32MP215AAO3, STM32MP215CAL3, STM32MP215CAM3, STM32MP215CAN3, STM32MP215CAO3, STM32MP215DAL3, STM32MP215DAM3, STM32MP215DAN3, STM32MP215DAO3, STM32MP215F-DK, STM32MP215FAL3, STM32MP215FAM3, STM32MP215FAN3, STM32MP215FAO3, STM32MP231AAJ3, STM32MP231AAK3, STM32MP231AAL3, STM32MP231CAJ3, STM32MP231CAK3, STM32MP231CAL3, STM32MP231DAJ3, STM32MP231DAK3, STM32MP231DAL3, STM32MP231FAJ3, STM32MP231FAK3, STM32MP231FAL3, STM32MP233AAJ3, STM32MP233AAK3, STM32MP233AAL3, STM32MP233CAJ3, STM32MP233CAK3, STM32MP233CAL3, STM32MP233DAJ3, STM32MP233DAK3, STM32MP233DAL3, STM32MP233FAJ3, STM32MP233FAK3, STM32MP233FAL3, STM32MP235AAJ3, STM32MP235AAK3, STM32MP235AAL3, STM32MP235CAJ3, STM32MP235CAK3, STM32MP235CAL3, STM32MP235DAJ3, STM32MP235DAK3, STM32MP235DAL3, STM32MP235FAJ3, STM32MP235FAK3, STM32MP235FAL3, STM32MP251AAI3, STM32MP251AAK3, STM32MP251AAL3, STM32MP251CAI3, STM32MP251CAK3, STM32MP251CAL3, STM32MP251DAI3, STM32MP251DAK3, STM32MP251DAL3, STM32MP251FAI3, STM32MP251FAK3, STM32MP251FAL3, STM32MP253AAI3, STM32MP253AAK3, STM32MP253AAL3, STM32MP253CAI3, STM32MP253CAK3, STM32MP253CAL3, STM32MP253DAI3, STM32MP253DAK3, STM32MP253DAL3, STM32MP253FAI3, STM32MP253FAK3, STM32MP253FAL3, STM32MP255AAI3, STM32MP255AAK3, STM32MP255AAL3, STM32MP255CAI3, STM32MP255CAK3, STM32MP255CAL3, STM32MP255DAI3, STM32MP255DAK3, STM32MP255DAL3, STM32MP255FAI3, STM32MP255FAK3, STM32MP255FAL3, STM32MP257AAI3, STM32MP257AAK3, STM32MP257AAL3, STM32MP257CAI3, STM32MP257CAK3, STM32MP257CAL3, STM32MP257DAI3, STM32MP257DAK3, STM32MP257DAL3, STM32MP257F-DK, STM32MP257F-EV1, STM32MP257FAI3, STM32MP257FAK3, STM32MP257FAL3, STM32N645A0H3Q, STM32N645B0H3Q, STM32N645I0H3Q, STM32N645L0H3Q, STM32N645X0H3Q, STM32N645Z0H3Q, STM32N647A0H3Q, STM32N647B0H3Q, STM32N647I0H3Q, STM32N647L0H3Q, STM32N647X0H3Q, STM32N647Z0H3Q, STM32N655A0H3Q, STM32N655B0H3Q, STM32N655I0H3Q, STM32N655L0H3Q, STM32N655X0H3Q, STM32N655Z0H3Q, STM32N6570-DK, STM32N657A0H3Q, STM32N657B0H3Q, STM32N657I0H3Q, STM32N657L0H3Q, STM32N657X0H3Q, STM32N657Z0H3Q, STM32U031C6T6, STM32U031C6U6, STM32U031C8T6, STM32U031C8U6, STM32U031F4P6, STM32U031F6P6, STM32U031F8P6, STM32U031G6Y6TR, STM32U031G8Y6TR, STM32U031K4U6, STM32U031K6U6, STM32U031K8U6, STM32U031R6I6, STM32U031R6T6, STM32U031R8I6, STM32U031R8T6, STM32U073C8T6, STM32U073C8U6, STM32U073CBT6, STM32U073CBU6, STM32U073CCT6, STM32U073CCU6, STM32U073H8Y6TR, STM32U073HBY6TR, STM32U073HCY6TR, STM32U073K8U6, STM32U073KBU6, STM32U073KCU6, STM32U073M8I6, STM32U073M8T6, STM32U073MBI6, STM32U073MBT6, STM32U073MCI6, STM32U073MCT6, STM32U073R8I6, STM32U073R8T6, STM32U073RBI6, STM32U073RBT6, STM32U073RCI6, STM32U073RCT6, STM32U083C-DK, STM32U083CCT6, STM32U083CCU6, STM32U083HCY6TR, STM32U083KCU6, STM32U083MCI6, STM32U083MCT6, STM32U083RCI6, STM32U083RCT6, STM32U375CET6, STM32U375CET6Q, STM32U375CEU6, STM32U375CEU6Q, STM32U375CEY6QTR, STM32U375CGT6, STM32U375CGT6Q, STM32U375CGU6, STM32U375CGU6Q, STM32U375CGY6QTR, STM32U375KEU6, STM32U375KGU6, STM32U375REI6, STM32U375REI6Q, STM32U375RET6, STM32U375RET6Q, STM32U375REY6GTR, STM32U375REY6QTR, STM32U375RGI6, STM32U375RGI6Q, STM32U375RGT6, STM32U375RGT6Q, STM32U375RGY6GTR, STM32U375RGY6QTR, STM32U375VEI6, STM32U375VEI6Q, STM32U375VET6, STM32U375VET6Q, STM32U375VGI6, STM32U375VGI6Q, STM32U375VGT6, STM32U375VGT6Q, STM32U385CGT6, STM32U385CGT6Q, STM32U385CGU6, STM32U385CGU6Q, STM32U385CGY6QTR, STM32U385KGU6, STM32U385RGI6, STM32U385RGI6Q, STM32U385RGT6, STM32U385RGT6Q, STM32U385RGY6GTR, STM32U385RGY6QTR, STM32U385VGI6, STM32U385VGI6Q, STM32U385VGT6, STM32U385VGT6Q, STM32U535CBT6, STM32U535CBT6Q, STM32U535CBU6, STM32U535CBU6Q, STM32U535CCT6, STM32U535CCT6Q, STM32U535CCU6, STM32U535CCU6Q, STM32U535CET6, STM32U535CET6Q, STM32U535CEU6, STM32U535CEU6Q, STM32U535JEY6QTR, STM32U535NCY6QTR, STM32U535NEY6QTR, STM32U535RBI6, STM32U535RBI6Q, STM32U535RBT6, STM32U535RBT6Q, STM32U535RCI6, STM32U535RCI6Q, STM32U535RCT6, STM32U535RCT6Q, STM32U535REI6, STM32U535REI6Q, STM32U535RET6, STM32U535RET6Q, STM32U535VCI6, STM32U535VCI6Q, STM32U535VCT6, STM32U535VCT6Q, STM32U535VEI6, STM32U535VEI6Q, STM32U535VET6, STM32U535VET6Q, STM32U545CET6, STM32U545CET6Q, STM32U545CEU6, STM32U545CEU6Q, STM32U545JEY6QTR, STM32U545NEY6QTR, STM32U545REI6, STM32U545REI6Q, STM32U545RET6, STM32U545RET6Q, STM32U545VEI6, STM32U545VEI6Q, STM32U545VET6, STM32U545VET6Q, STM32U595AIH6, STM32U595AIH6Q, STM32U595AJH6, STM32U595AJH6Q, STM32U595QII6, STM32U595QII6Q, STM32U595QJI6, STM32U595QJI6Q, STM32U595RIT6, STM32U595RIT6Q, STM32U595RJT6, STM32U595RJT6Q, STM32U595VIT6, STM32U595VIT6Q, STM32U595VJT6, STM32U595VJT6Q, STM32U595ZIT6, STM32U595ZIT6Q, STM32U595ZIY6QTR, STM32U595ZJT6, STM32U595ZJT6Q, STM32U595ZJY6QTR, STM32U599BJY6QTR, STM32U599NIH6Q, STM32U599NJH6Q, STM32U599VIT6Q, STM32U599VJT6, STM32U599VJT6Q, STM32U599ZIT6Q, STM32U599ZIY6QTR, STM32U599ZJT6Q, STM32U599ZJY6QTR, STM32U5A5AJH6, STM32U5A5AJH6Q, STM32U5A5QII3Q , STM32U5A5QJI6, STM32U5A5QJI6Q, STM32U5A5RJT6, STM32U5A5RJT6Q, STM32U5A5VJT6, STM32U5A5VJT6Q, STM32U5A5ZJT6, STM32U5A5ZJT6Q, STM32U5A5ZJY6QTR, STM32U5A9BJY6QTR, STM32U5A9J-DK, STM32U5A9NJH6Q, STM32U5A9VJT6Q, STM32U5A9ZJT6Q, STM32U5A9ZJY6QTR, STM32U5F7VIT6, STM32U5F7VIT6Q, STM32U5F7VJT6, STM32U5F7VJT6Q, STM32U5F9BJY6QTR, STM32U5F9NJH6Q, STM32U5F9VIT6Q, STM32U5F9VJT6Q, STM32U5F9ZIJ6QTR, STM32U5F9ZIT6Q, STM32U5F9ZJJ6QTR, STM32U5F9ZJT6Q, STM32U5G7VJT6, STM32U5G7VJT6Q, STM32U5G9BJY6QTR, STM32U5G9J-DK1, STM32U5G9J-DK2, STM32U5G9NJH6Q, STM32U5G9VJT6Q, STM32U5G9ZJJ6QTR, STM32U5G9ZJT6Q, STM32WB05KZV6TR, STM32WB05KZV7TR, STM32WB05TZF6TR, STM32WB05TZF7TR, STM32WB06CCF6TR, STM32WB06CCF7TR, STM32WB06CCV6TR, STM32WB06CCV7TR, STM32WB06KCV6TR, STM32WB06KCV7TR, STM32WB07CCF6TR, STM32WB07CCF7TR, STM32WB07CCV6TR, STM32WB07CCV7TR, STM32WB07KCV6TR, STM32WB07KCV7TR, STM32WB09KEV6TR, STM32WB09KEV7TR, STM32WB09TEF6TR, STM32WB09TEF7TR, STM32WB1MMCH6, STM32WBA50KGU6, STM32WBA50KGU6TR, STM32WBA52CEU6, STM32WBA52CEU6TR, STM32WBA52CEU7, STM32WBA52CEU7TR, STM32WBA52CGU6, STM32WBA52CGU6TR, STM32WBA52CGU6U, STM32WBA52CGU7, STM32WBA52CGU7TR, STM32WBA52KEU6, STM32WBA52KEU6TR, STM32WBA52KGU6, STM32WBA52KGU6TR, STM32WBA54CEU6, STM32WBA54CEU6TR, STM32WBA54CEU7, STM32WBA54CEU7TR, STM32WBA54CGU6, STM32WBA54CGU6TR, STM32WBA54CGU7, STM32WBA54CGU7TR, STM32WBA54KEU6, STM32WBA54KEU6TR, STM32WBA54KEU7, STM32WBA54KEU7TR, STM32WBA54KGU6, STM32WBA54KGU6TR, STM32WBA54KGU7, STM32WBA54KGU7TR, STM32WBA55CEU6, STM32WBA55CEU6TR, STM32WBA55CEU7, STM32WBA55CEU7TR, STM32WBA55CGU6, STM32WBA55CGU6TR, STM32WBA55CGU6U, STM32WBA55CGU7, STM32WBA55CGU7TR, STM32WBA55G-DK1, STM32WBA55HEF6, STM32WBA55HEF7, STM32WBA55HGF6, STM32WBA55HGF7, STM32WBA55UEI6, STM32WBA55UEI6TR, STM32WBA55UEI7, STM32WBA55UEI7TR, STM32WBA55UGI6, STM32WBA55UGI6TR, STM32WBA55UGI7, STM32WBA55UGI7TR, STM32WBA5MMGH6TR, STM32WBA62MGF6, STM32WBA62MIF6, STM32WBA65MGF7, STM32WBA65MIF6, STM32WBA65MIF7, STM32WL30K8V6, STM32WL30KBV6, STM32WL31C8V6, STM32WL31CBV6, STM32WL31K8V6, STM32WL31KBV6, STM32WL33C8V6, STM32WL33C8V6X, STM32WL33CBV6, STM32WL33CBV6X, STM32WL33CCV6, STM32WL33CCV6A, STM32WL33CCV6X, STM32WL33K8V7, STM32WL33K8V7X, STM32WL33KBV7 , STM32WL33KBV7X, STM32WL33KCV7, STM32WL33KCV7X, STM32WL5MOCH6, STM32WL5MOCH6TR]
2025-09-22 10:11:15,168 [INFO] DbMcus:218 - Found 4801 MCUs, 4801 are supported
2025-09-22 10:11:15,170 [INFO] ApiDb:423 - Load user favorites file C:\Users\khanh/.stm32cubeide/favorites.mcus.txt: 0 item(s)
2025-09-22 10:11:15,171 [INFO] ApiDb:427 - User favorites MCUs=[]
2025-09-22 10:11:15,171 [INFO] DbMcus:224 - Set 0 / 0 favorites MCUs
2025-09-22 10:11:16,309 [INFO] ApiDb:423 - Load user favorites file C:\Users\khanh/.stm32cubeide/favorites.boards.txt: 0 item(s)
2025-09-22 10:11:16,309 [INFO] ApiDb:427 - User favorites Boards=[]
2025-09-22 10:11:16,309 [INFO] DbBoards:198 - Set 0 / 0 favorites Boards
2025-09-22 10:11:16,403 [INFO] UtilMem:75 - End LoadConfig() Used Memory: 558050072 Bytes (848297984)
2025-09-22 10:11:16,701 [WARN] ThirdParty:833 - waiting for thirdparty lock release [change project]
2025-09-22 10:11:16,701 [INFO] ThirdParty:835 - entering critical section [change project]
2025-09-22 10:11:16,701 [INFO] ThirdParty:1030 - CMSIS Pack Vendor :STMicroelectronics X-CUBE-PM33A1 1.0.0
2025-09-22 10:11:16,701 [INFO] ThirdParty:1030 - CMSIS Pack Vendor :STMicroelectronics USBPD 4.1
2025-09-22 10:11:16,701 [INFO] ThirdParty:1030 - CMSIS Pack Vendor :STMicroelectronics X-CUBE-AZRTOS-H7 3.3.0
2025-09-22 10:11:16,701 [INFO] ThirdParty:1030 - CMSIS Pack Vendor :STMicroelectronics X-CUBE-NFC9 1.0.0
2025-09-22 10:11:16,701 [INFO] ThirdParty:1030 - CMSIS Pack Vendor :STMicroelectronics USB_HOST 2.0.0
2025-09-22 10:11:16,701 [INFO] ThirdParty:1030 - CMSIS Pack Vendor :STMicroelectronics FP-SNS-MOTENVWB1 1.4.0
2025-09-22 10:11:16,701 [INFO] ThirdParty:1030 - CMSIS Pack Vendor :STMicroelectronics X-CUBE-AZRTOS-F4 1.1.0
2025-09-22 10:11:16,702 [INFO] ThirdParty:1030 - CMSIS Pack Vendor :STMicroelectronics LIBJPEG 8.0.0
2025-09-22 10:11:16,702 [INFO] ThirdParty:1030 - CMSIS Pack Vendor :Avnet-IotConnect X-CUBE-IoTC-DA16k-PMOD 1.0.0
2025-09-22 10:11:16,702 [INFO] ThirdParty:1030 - CMSIS Pack Vendor :STMicroelectronics X-CUBE-SMBUS 2.1.0
2025-09-22 10:11:16,702 [INFO] ThirdParty:1030 - CMSIS Pack Vendor :STMicroelectronics X-CUBE-WB05N 1.1.0
2025-09-22 10:11:16,702 [INFO] ThirdParty:1030 - CMSIS Pack Vendor :wolfSSL I-CUBE-wolfMQTT 1.19.2
2025-09-22 10:11:16,702 [INFO] ThirdParty:1030 - CMSIS Pack Vendor :STMicroelectronics USB_DEVICE 3.0.0
2025-09-22 10:11:16,702 [INFO] ThirdParty:1030 - CMSIS Pack Vendor :STMicroelectronics X-CUBE-ISPU 2.1.0
2025-09-22 10:11:16,702 [INFO] ThirdParty:1030 - CMSIS Pack Vendor :STMicroelectronics X-CUBE-EEPRMA1 5.2.0
2025-09-22 10:11:16,702 [INFO] ThirdParty:1030 - CMSIS Pack Vendor :STMicroelectronics X-CUBE-BLEMGR 4.1.0
2025-09-22 10:11:16,702 [INFO] ThirdParty:1030 - CMSIS Pack Vendor :STMicroelectronics X-CUBE-AZRTOS-WB 2.0.0
2025-09-22 10:11:16,702 [INFO] ThirdParty:1030 - CMSIS Pack Vendor :STMicroelectronics X-CUBE-ST60 1.0.0
2025-09-22 10:11:16,702 [INFO] ThirdParty:1030 - CMSIS Pack Vendor :STMicroelectronics X-CUBE-GNSS1 7.0.1
2025-09-22 10:11:16,702 [INFO] ThirdParty:1030 - CMSIS Pack Vendor :STMicroelectronics X-CUBE-NFC12 1.0.0
2025-09-22 10:11:16,703 [INFO] ThirdParty:1030 - CMSIS Pack Vendor :STMicroelectronics X-CUBE-AZRTOS-F7 1.1.0
2025-09-22 10:11:16,703 [INFO] ThirdParty:1030 - CMSIS Pack Vendor :STMicroelectronics X-CUBE-AZRTOS-L5 2.0.0
2025-09-22 10:11:16,703 [INFO] ThirdParty:1030 - CMSIS Pack Vendor :STMicroelectronics USB_DEVICE 2.0.0
2025-09-22 10:11:16,703 [INFO] ThirdParty:1030 - CMSIS Pack Vendor :STMicroelectronics X-CUBE-NFC6 3.1.0
2025-09-22 10:11:16,703 [INFO] ThirdParty:1030 - CMSIS Pack Vendor :STMicroelectronics X-CUBE-AI 10.1.0
2025-09-22 10:11:16,703 [INFO] ThirdParty:1030 - CMSIS Pack Vendor :STMicroelectronics FP-SNS-STBOX1 2.0.0
2025-09-22 10:11:16,703 [INFO] ThirdParty:1030 - CMSIS Pack Vendor :STMicroelectronics X-CUBE-MEMS1 11.2.0
2025-09-22 10:11:16,703 [INFO] ThirdParty:1030 - CMSIS Pack Vendor :STMicroelectronics FreeRTOS 0.0.1
2025-09-22 10:11:16,703 [INFO] ThirdParty:1030 - CMSIS Pack Vendor :STMicroelectronics X-CUBE-AZRTOS-G0 1.1.0
2025-09-22 10:11:16,703 [INFO] ThirdParty:1030 - CMSIS Pack Vendor :STMicroelectronics X-CUBE-SAFEA1 1.2.2
2025-09-22 10:11:16,703 [INFO] ThirdParty:1030 - CMSIS Pack Vendor :STMicroelectronics X-CUBE-NFC4 3.0.0
2025-09-22 10:11:16,703 [INFO] ThirdParty:1030 - CMSIS Pack Vendor :STMicroelectronics X-CUBE-DPower 1.2.0
2025-09-22 10:11:16,704 [INFO] ThirdParty:1030 - CMSIS Pack Vendor :STMicroelectronics X-CUBE-SUBG2 5.0.0
2025-09-22 10:11:16,704 [INFO] ThirdParty:1030 - CMSIS Pack Vendor :STMicroelectronics X-CUBE-AZRTOS-H7RS 1.1.0
2025-09-22 10:11:16,704 [INFO] ThirdParty:1030 - CMSIS Pack Vendor :STMicroelectronics STM32_WPAN 1.0.0
2025-09-22 10:11:16,704 [INFO] ThirdParty:1030 - CMSIS Pack Vendor :EmbeddedOffice I-CUBE-FS-RTOS 1.0.1
2025-09-22 10:11:16,704 [INFO] ThirdParty:1030 - CMSIS Pack Vendor :STMicroelectronics lwIP 2.0.3
2025-09-22 10:11:16,705 [INFO] ThirdParty:1030 - CMSIS Pack Vendor :Cesanta I-CUBE-Mongoose 7.13.0
2025-09-22 10:11:16,705 [INFO] ThirdParty:1030 - CMSIS Pack Vendor :STMicroelectronics USB_HOST 1.0.0
2025-09-22 10:11:16,705 [INFO] ThirdParty:1030 - CMSIS Pack Vendor :Infineon AIROC-Wi-Fi-Bluetooth-STM32 1.7.0
2025-09-22 10:11:16,705 [INFO] ThirdParty:1030 - CMSIS Pack Vendor :STMicroelectronics X-CUBE-AZRTOS-G4 2.0.0
2025-09-22 10:11:16,705 [INFO] ThirdParty:1030 - CMSIS Pack Vendor :STMicroelectronics X-CUBE-WB05N 2.0.0
2025-09-22 10:11:16,705 [INFO] ThirdParty:1030 - CMSIS Pack Vendor :STMicroelectronics PDM2PCM 3.1.0
2025-09-22 10:11:16,705 [INFO] ThirdParty:1030 - CMSIS Pack Vendor :STMicroelectronics PDM2PCM 3.3.0
2025-09-22 10:11:16,705 [INFO] ThirdParty:1030 - CMSIS Pack Vendor :wolfSSL I-CUBE-wolfTPM 3.8.0
2025-09-22 10:11:16,705 [INFO] ThirdParty:1030 - CMSIS Pack Vendor :STMicroelectronics X-CUBE-AZRTOS-H7 3.4.0
2025-09-22 10:11:16,705 [INFO] ThirdParty:1030 - CMSIS Pack Vendor :STMicroelectronics X-CUBE-DISPLAY 3.0.0
2025-09-22 10:11:16,705 [INFO] ThirdParty:1030 - CMSIS Pack Vendor :wolfSSL I-CUBE-wolfSSH 1.4.20
2025-09-22 10:11:16,705 [INFO] ThirdParty:1030 - CMSIS Pack Vendor :STMicroelectronics X-CUBE-NFC7 2.0.0
2025-09-22 10:11:16,705 [INFO] ThirdParty:1030 - CMSIS Pack Vendor :STMicroelectronics X-CUBE-TCPP 4.2.0
2025-09-22 10:11:16,705 [INFO] ThirdParty:1030 - CMSIS Pack Vendor :RealThread X-CUBE-RT-Thread_Nano 4.1.1
2025-09-22 10:11:16,705 [INFO] ThirdParty:1030 - CMSIS Pack Vendor :STMicroelectronics FP-ATR-SIGFOX1 3.2.0
2025-09-22 10:11:16,705 [INFO] ThirdParty:1030 - CMSIS Pack Vendor :STMicroelectronics X-CUBE-NFC10 1.0.0
2025-09-22 10:11:16,706 [INFO] ThirdParty:1030 - CMSIS Pack Vendor :STMicroelectronics X-CUBE-BLEMGR 4.0.0
2025-09-22 10:11:16,706 [INFO] ThirdParty:1030 - CMSIS Pack Vendor :STMicroelectronics X-CUBE-EEPRMA1 5.1.0
2025-09-22 10:11:16,706 [INFO] ThirdParty:1030 - CMSIS Pack Vendor :STMicroelectronics X-CUBE-FREERTOS 1.3.1
2025-09-22 10:11:16,706 [INFO] ThirdParty:1030 - CMSIS Pack Vendor :STMicroelectronics HAL Drivers 0.0.0
2025-09-22 10:11:16,706 [INFO] ThirdParty:1030 - CMSIS Pack Vendor :STMicroelectronics MBEDTLS 2.16.2
2025-09-22 10:11:16,706 [INFO] ThirdParty:1030 - CMSIS Pack Vendor :STMicroelectronics X-CUBE-IPS 3.1.0
2025-09-22 10:11:16,706 [INFO] ThirdParty:1030 - CMSIS Pack Vendor :STMicroelectronics X-CUBE-ALS 1.0.2
2025-09-22 10:11:16,706 [INFO] ThirdParty:1030 - CMSIS Pack Vendor :emotas I-CUBE-CANOPEN 1.3.0
2025-09-22 10:11:16,706 [INFO] ThirdParty:1030 - CMSIS Pack Vendor :STMicroelectronics X-CUBE-FREERTOS 1.3.0
2025-09-22 10:11:16,706 [INFO] ThirdParty:1030 - CMSIS Pack Vendor :STMicroelectronics X-CUBE-NFC7 1.0.1
2025-09-22 10:11:16,706 [INFO] ThirdParty:1030 - CMSIS Pack Vendor :STMicroelectronics MBEDTLS 2.14.1
2025-09-22 10:11:16,706 [INFO] ThirdParty:1030 - CMSIS Pack Vendor :wolfSSL I-CUBE-wolfSSL 5.7.6
2025-09-22 10:11:16,706 [INFO] ThirdParty:1030 - CMSIS Pack Vendor :ITTIA_DB I-CUBE-ITTIADB 8.9.0
2025-09-22 10:11:16,706 [INFO] ThirdParty:1030 - CMSIS Pack Vendor :STMicroelectronics X-CUBE-STSE01 1.0.0
2025-09-22 10:11:16,707 [INFO] ThirdParty:1030 - CMSIS Pack Vendor :portGmbH I-Cube-SoM-uGOAL 1.1.0
2025-09-22 10:11:16,707 [INFO] ThirdParty:1030 - CMSIS Pack Vendor :quantropi X-CUBE-qispace-sdk-base 2.0.0
2025-09-22 10:11:16,707 [INFO] ThirdParty:1030 - CMSIS Pack Vendor :STMicroelectronics X-CUBE-AI 10.0.0
2025-09-22 10:11:16,707 [INFO] ThirdParty:1030 - CMSIS Pack Vendor :STMicroelectronics X-CUBE-ST67W61 1.0.0
2025-09-22 10:11:16,707 [INFO] ThirdParty:1030 - CMSIS Pack Vendor :STMicroelectronics FP-SNS-STBOX1 2.1.0
2025-09-22 10:11:16,707 [INFO] ThirdParty:1030 - CMSIS Pack Vendor :STMicroelectronics X-CUBE-AI 10.2.0
2025-09-22 10:11:16,707 [INFO] ThirdParty:1030 - CMSIS Pack Vendor :STMicroelectronics FP-SNS-STAIOTCFT 1.0.0
2025-09-22 10:11:16,707 [INFO] ThirdParty:1030 - CMSIS Pack Vendor :STMicroelectronics ThreadX 1.0.0
2025-09-22 10:11:16,707 [INFO] ThirdParty:1030 - CMSIS Pack Vendor :STMicroelectronics FP-SNS-SMARTAG2 1.2.0
2025-09-22 10:11:16,707 [INFO] ThirdParty:1030 - CMSIS Pack Vendor :STMicroelectronics X-CUBE-MEMS1 11.1.0
2025-09-22 10:11:16,707 [INFO] ThirdParty:1030 - CMSIS Pack Vendor :STMicroelectronics X-CUBE-AZRTOS-WL 2.0.0
2025-09-22 10:11:16,707 [INFO] ThirdParty:1030 - CMSIS Pack Vendor :SEGGER I-CUBE-embOS 1.3.1
2025-09-22 10:11:16,707 [INFO] ThirdParty:1030 - CMSIS Pack Vendor :STMicroelectronics X-CUBE-ALGOBUILD 1.4.0
2025-09-22 10:11:16,707 [INFO] ThirdParty:1030 - CMSIS Pack Vendor :STMicroelectronics X-CUBE-DPower 1.3.0
2025-09-22 10:11:16,707 [INFO] ThirdParty:1030 - CMSIS Pack Vendor :STMicroelectronics X-CUBE-MEMS1 11.3.0
2025-09-22 10:11:16,708 [INFO] ThirdParty:1030 - CMSIS Pack Vendor :STMicroelectronics FP-SNS-MOTENV1 5.0.0
2025-09-22 10:11:16,708 [INFO] ThirdParty:1030 - CMSIS Pack Vendor :STMicroelectronics USB_DEVICE 1.0.0
2025-09-22 10:11:16,708 [INFO] ThirdParty:1030 - CMSIS Pack Vendor :STMicroelectronics X-CUBE-AZRTOS-L4 2.0.0
2025-09-22 10:11:16,708 [INFO] ThirdParty:1030 - CMSIS Pack Vendor :STMicroelectronics ThreadX 0.0.2
2025-09-22 10:11:16,708 [INFO] ThirdParty:1030 - CMSIS Pack Vendor :WES I-CUBE-Cesium 1.3.0
2025-09-22 10:11:16,708 [INFO] ThirdParty:1030 - CMSIS Pack Vendor :STMicroelectronics lwIP 2.1.2
2025-09-22 10:11:16,708 [INFO] ThirdParty:1030 - CMSIS Pack Vendor :STMicroelectronics X-CUBE-SFXS2LP1 4.0.0
2025-09-22 10:11:16,708 [INFO] ThirdParty:1030 - CMSIS Pack Vendor :STMicroelectronics X-CUBE-BLE2 3.3.0
2025-09-22 10:11:16,708 [INFO] ThirdParty:1030 - CMSIS Pack Vendor :STMicroelectronics X-CUBE-TOF1 3.4.2
2025-09-22 10:11:16,708 [INFO] ThirdParty:1030 - CMSIS Pack Vendor :STMicroelectronics X-CUBE-TOF1 3.4.3
2025-09-22 10:11:16,708 [INFO] ThirdParty:1030 - CMSIS Pack Vendor :STMicroelectronics PDM2PCM 3.2.0
2025-09-22 10:11:16,709 [INFO] ThirdParty:841 - exiting critical section [change project]
2025-09-22 10:11:17,325 [INFO] PinOutPanel:1589 - setPackage(No Configuration,No Configuration)
2025-09-22 10:11:17,327 [INFO] PinOutPanel:1589 - setPackage(STM32F103C6Tx,LQFP48)
2025-09-22 10:11:18,166 [INFO] UtilMem:75 - Before build in PCC Used Memory: 478430624 Bytes (848297984)
2025-09-22 10:11:19,787 [INFO] UtilMem:75 - After build in PCC Used Memory: 674599576 Bytes (848297984)
2025-09-22 10:11:19,861 [INFO] IPUIPlugin:80 - create IPUIPlugin
2025-09-22 10:11:19,861 [INFO] IPUIPlugin:80 - create IPUIPlugin
2025-09-22 10:11:19,861 [INFO] IPUIPlugin:80 - create IPUIPlugin
2025-09-22 10:11:19,862 [INFO] IPUIPlugin:80 - create IPUIPlugin
2025-09-22 10:11:19,863 [INFO] IPUIPlugin:80 - create IPUIPlugin
2025-09-22 10:11:19,864 [INFO] IPUIPlugin:80 - create IPUIPlugin
2025-09-22 10:11:19,864 [INFO] IPUIPlugin:80 - create IPUIPlugin
2025-09-22 10:11:19,866 [INFO] IPUIPlugin:80 - create IPUIPlugin
2025-09-22 10:11:19,866 [INFO] IPUIPlugin:80 - create IPUIPlugin
2025-09-22 10:11:19,866 [INFO] IPUIPlugin:80 - create IPUIPlugin
2025-09-22 10:11:19,866 [INFO] IPUIPlugin:80 - create IPUIPlugin
2025-09-22 10:11:19,867 [INFO] IPUIPlugin:80 - create IPUIPlugin
2025-09-22 10:11:19,867 [INFO] IPUIPlugin:80 - create IPUIPlugin
2025-09-22 10:11:19,867 [INFO] IPUIPlugin:80 - create IPUIPlugin
2025-09-22 10:11:19,868 [INFO] IPUIPlugin:80 - create IPUIPlugin
2025-09-22 10:11:19,869 [INFO] IPUIPlugin:80 - create IPUIPlugin
2025-09-22 10:11:19,869 [INFO] IPUIPlugin:80 - create IPUIPlugin
2025-09-22 10:11:19,871 [INFO] IPUIPlugin:80 - create IPUIPlugin
2025-09-22 10:11:19,872 [INFO] IPUIPlugin:80 - create IPUIPlugin
2025-09-22 10:11:19,873 [INFO] IPUIPlugin:80 - create IPUIPlugin
2025-09-22 10:11:19,874 [INFO] IPUIPlugin:80 - create IPUIPlugin
2025-09-22 10:11:19,874 [INFO] IPUIPlugin:80 - create IPUIPlugin
2025-09-22 10:11:19,876 [INFO] IPUIPlugin:80 - create IPUIPlugin
2025-09-22 10:11:20,329 [INFO] CADModel:165 - CPN selected for project levelSTM32F103C6T6A
2025-09-22 10:11:20,330 [INFO] CADModel:114 - Register for checkConnection events
2025-09-22 10:11:20,436 [INFO] OpenFileManager:386 - Restore cursor
2025-10-05 09:09:15,860 [INFO] Activator:176 - 


2025-10-05 09:09:15,863 [INFO] Activator:177 - !SESSION log4j initialized
2025-10-05 09:09:24,127 [INFO] LogOutputStream:77 - [STDOUT_REDIRECT] 
2025-10-05 09:09:27,111 [INFO] ApplicationProperties:184 - Using Application install path: C:\ST\STM32CubeIDE_1.18.0\STM32CubeIDE\plugins\com.st.stm32cube.common.mx_6.15.0.202507011659
2025-10-05 09:09:27,134 [INFO] DbMcusXml:78 - Set database path to: C:\ST\STM32CubeIDE_1.18.0\STM32CubeIDE\plugins\com.st.stm32cube.common.mx_6.15.0.202507011659\\db\/mcu/
2025-10-05 09:09:27,134 [INFO] ApiDb:274 - Set plugin database path to: C:\ST\STM32CubeIDE_1.18.0\STM32CubeIDE\plugins\com.st.stm32cube.common.mx_6.15.0.202507011659\\db\/plugins/boardmanager/
2025-10-05 09:09:27,135 [WARN] ApiDb:259 - Overriding images path with different value:  => C:\ST\STM32CubeIDE_1.18.0\STM32CubeIDE\plugins\com.st.stm32cube.common.mx_6.15.0.202507011659\\db\/plugins/mcufinder/images/
2025-10-05 09:09:27,150 [INFO] ApiDb:250 - Set database path to: C:\Users\khanh\.stmcufinder\plugins\mcufinder//mcu/
2025-10-05 09:09:27,152 [INFO] DbMcusAds:125 - Set database path to: C:\Users\khanh\.stmcufinder\plugins\mcufinder//mcu/
2025-10-05 09:09:27,154 [INFO] CrossReferenceDbSqlite:203 - Set database path to: C:\Users\khanh\.stmcufinder\plugins\mcufinder//mcu/cs/
2025-10-05 09:09:27,282 [INFO] RulesReader:64 - Compatibility file has been processed (317 Rules)
2025-10-05 09:09:27,393 [INFO] DbMcusXml:78 - Set database path to: C:\ST\STM32CubeIDE_1.18.0\STM32CubeIDE\plugins\com.st.stm32cube.common.mx_6.15.0.202507011659\\db\/mcu/
2025-10-05 09:09:27,393 [INFO] ApiDb:274 - Set plugin database path to: C:\ST\STM32CubeIDE_1.18.0\STM32CubeIDE\plugins\com.st.stm32cube.common.mx_6.15.0.202507011659\\db\/plugins/boardmanager/
2025-10-05 09:09:27,395 [INFO] ApiDb:261 - Set plugin images path to: C:\ST\STM32CubeIDE_1.18.0\STM32CubeIDE\plugins\com.st.stm32cube.common.mx_6.15.0.202507011659\\db\/plugins/mcufinder/images/
2025-10-05 09:09:27,395 [WARN] DbFile:41 - Overriding database path with different value: C:\Users\khanh\.stmcufinder\plugins\mcufinder/ => C:\Users\khanh\.stmcufinder\plugins\mcufinder
2025-10-05 09:09:27,395 [INFO] ApiDb:250 - Set database path to: C:\Users\khanh\.stmcufinder\plugins\mcufinder//mcu/
2025-10-05 09:09:27,395 [WARN] DbFile:41 - Overriding database path with different value: C:\Users\khanh\.stmcufinder\plugins\mcufinder/ => C:\Users\khanh\.stmcufinder\plugins\mcufinder
2025-10-05 09:09:27,395 [INFO] DbMcusAds:125 - Set database path to: C:\Users\khanh\.stmcufinder\plugins\mcufinder//mcu/
2025-10-05 09:09:27,395 [WARN] DbFile:41 - Overriding database path with different value: C:\Users\khanh\.stmcufinder\plugins\mcufinder/ => C:\Users\khanh\.stmcufinder\plugins\mcufinder
2025-10-05 09:09:27,395 [WARN] DbFile:41 - Overriding database path with different value: C:\Users\khanh\.stmcufinder\plugins\mcufinder/ => C:\Users\khanh\.stmcufinder\plugins\mcufinder
2025-10-05 09:09:27,395 [INFO] CrossReferenceDbSqlite:203 - Set database path to: C:\Users\khanh\.stmcufinder\plugins\mcufinder//mcu/cs/
2025-10-05 09:09:27,503 [INFO] MainPanel:274 - HeapMemory: 268435456
2025-10-05 09:09:27,643 [INFO] DbMcusXml:78 - Set database path to: C:\ST\STM32CubeIDE_1.18.0\STM32CubeIDE\plugins\com.st.stm32cube.common.mx_6.15.0.202507011659\\db\/mcu/
2025-10-05 09:09:27,644 [INFO] ApiDb:274 - Set plugin database path to: C:\ST\STM32CubeIDE_1.18.0\STM32CubeIDE\plugins\com.st.stm32cube.common.mx_6.15.0.202507011659\\db\/plugins/boardmanager/
2025-10-05 09:09:27,644 [INFO] ApiDb:261 - Set plugin images path to: C:\ST\STM32CubeIDE_1.18.0\STM32CubeIDE\plugins\com.st.stm32cube.common.mx_6.15.0.202507011659\\db\/plugins/mcufinder/images/
2025-10-05 09:09:27,644 [WARN] DbFile:41 - Overriding database path with different value: C:\Users\khanh\.stmcufinder\plugins\mcufinder/ => C:\Users\khanh\.stmcufinder\plugins\mcufinder
2025-10-05 09:09:27,644 [INFO] ApiDb:250 - Set database path to: C:\Users\khanh\.stmcufinder\plugins\mcufinder//mcu/
2025-10-05 09:09:27,644 [WARN] DbFile:41 - Overriding database path with different value: C:\Users\khanh\.stmcufinder\plugins\mcufinder/ => C:\Users\khanh\.stmcufinder\plugins\mcufinder
2025-10-05 09:09:27,644 [INFO] DbMcusAds:125 - Set database path to: C:\Users\khanh\.stmcufinder\plugins\mcufinder//mcu/
2025-10-05 09:09:27,644 [WARN] DbFile:41 - Overriding database path with different value: C:\Users\khanh\.stmcufinder\plugins\mcufinder/ => C:\Users\khanh\.stmcufinder\plugins\mcufinder
2025-10-05 09:09:27,645 [WARN] DbFile:41 - Overriding database path with different value: C:\Users\khanh\.stmcufinder\plugins\mcufinder/ => C:\Users\khanh\.stmcufinder\plugins\mcufinder
2025-10-05 09:09:27,645 [INFO] CrossReferenceDbSqlite:203 - Set database path to: C:\Users\khanh\.stmcufinder\plugins\mcufinder//mcu/cs/
2025-10-05 09:09:27,668 [INFO] ApplicationProperties:184 - Using Application install path: C:\ST\STM32CubeIDE_1.18.0\STM32CubeIDE\plugins\com.st.stm32cube.common.mx_6.15.0.202507011659
2025-10-05 09:09:27,669 [INFO] PluginManage:196 - Search for loadable plugins [exclusion list=, ]
2025-10-05 09:09:27,691 [INFO] PluginManage:310 - Check plugin analytics
2025-10-05 09:09:27,986 [INFO] AnalyticsPlugin:253 - Accepted Software Licenses: STM32CubeMX.6.14.0
2025-10-05 09:09:27,988 [INFO] AnalyticsPlugin:255 - Accepted CMSIS Pack Licenses: 
2025-10-05 09:09:27,988 [INFO] AnalyticsPlugin:257 - Accepted Firmware Licenses: 
2025-10-05 09:09:27,992 [INFO] PluginManage:359 - Loaded plugin analytics (category:tool,tabindex:-1)
2025-10-05 09:09:27,992 [INFO] PluginManage:310 - Check plugin cadmodel
2025-10-05 09:09:28,001 [INFO] CADModel:105 - Init CAD model plugin
2025-10-05 09:09:28,002 [INFO] PluginManage:359 - Loaded plugin cadmodel (category:power,tabindex:5)
2025-10-05 09:09:28,002 [INFO] PluginManage:310 - Check plugin clock
2025-10-05 09:09:28,020 [INFO] PluginManage:359 - Loaded plugin clock (category:base,tabindex:2)
2025-10-05 09:09:28,021 [INFO] PluginManage:310 - Check plugin ddr
2025-10-05 09:09:28,025 [INFO] PluginManage:359 - Loaded plugin ddr (category:tool,tabindex:6)
2025-10-05 09:09:28,025 [INFO] PluginManage:310 - Check plugin filemanager
2025-10-05 09:09:28,311 [INFO] PluginManage:359 - Loaded plugin filemanager (category:base,tabindex:10)
2025-10-05 09:09:28,313 [INFO] PluginManage:310 - Check plugin ipmanager
2025-10-05 09:09:28,327 [INFO] PluginManage:359 - Loaded plugin ipmanager (category:base,tabindex:5)
2025-10-05 09:09:28,328 [INFO] PluginManage:310 - Check plugin lpbam
2025-10-05 09:09:28,352 [INFO] PluginManage:359 - Loaded plugin lpbam (category:base,tabindex:0)
2025-10-05 09:09:28,352 [INFO] PluginManage:310 - Check plugin memorymap
2025-10-05 09:09:28,386 [INFO] PluginManage:359 - Loaded plugin memorymap (category:base,tabindex:4)
2025-10-05 09:09:28,386 [INFO] PluginManage:310 - Check plugin pinoutandconfiguration
2025-10-05 09:09:28,419 [INFO] PluginManage:359 - Loaded plugin pinoutandconfiguration (category:base,tabindex:1)
2025-10-05 09:09:28,420 [INFO] PluginManage:310 - Check plugin pinoutconfig
2025-10-05 09:09:28,705 [WARN] SupportedApi:132 - Cannot load RTOS API schema: s4s-elt-must-match.1: The content of 'definitions' must match (annotation?, (simpleType | complexType)?, (unique | key | keyref)*)). A problem was found starting at: attribute.
2025-10-05 09:09:28,950 [INFO] PluginManage:359 - Loaded plugin pinoutconfig (category:base,tabindex:0)
2025-10-05 09:09:28,950 [INFO] PluginManage:310 - Check plugin power
2025-10-05 09:09:28,967 [INFO] PluginManage:359 - Loaded plugin power (category:power,tabindex:4)
2025-10-05 09:09:28,967 [INFO] PluginManage:310 - Check plugin projectmanager
2025-10-05 09:09:28,993 [INFO] PluginManage:359 - Loaded plugin projectmanager (category:projectmanager,tabindex:4)
2025-10-05 09:09:28,993 [INFO] PluginManage:310 - Check plugin rif
2025-10-05 09:09:29,008 [INFO] PluginManage:359 - Loaded plugin rif (category:base,tabindex:3)
2025-10-05 09:09:29,009 [INFO] PluginManage:310 - Check plugin thirdparty
2025-10-05 09:09:29,285 [INFO] PluginManage:359 - Loaded plugin thirdparty (category:base,tabindex:-1)
2025-10-05 09:09:29,285 [WARN] IntegrityCheckThread:84 - waiting for thirdparty lock release [integrity check]
2025-10-05 09:09:29,286 [INFO] PluginManage:310 - Check plugin tools
2025-10-05 09:09:29,286 [INFO] IntegrityCheckThread:86 - entering critical section [integrity check]
2025-10-05 09:09:29,288 [INFO] ThirdPartyUpdaterWithRetryManager:70 - Updater plugin not ready yet. [1/15]
2025-10-05 09:09:29,294 [INFO] PluginManage:359 - Loaded plugin tools (category:base,tabindex:7)
2025-10-05 09:09:29,295 [INFO] PluginManage:310 - Check plugin tutovideos
2025-10-05 09:09:29,676 [INFO] PluginManage:359 - Loaded plugin tutovideos (category:base,tabindex:-1)
2025-10-05 09:09:29,677 [INFO] PluginManage:310 - Check plugin updater
2025-10-05 09:09:29,707 [INFO] PluginManage:359 - Loaded plugin updater (category:base,tabindex:12)
2025-10-05 09:09:29,707 [INFO] PluginManage:310 - Check plugin userauth
2025-10-05 09:09:29,713 [INFO] UserAuth:118 - Init User Auth plugin
2025-10-05 09:09:29,715 [INFO] PluginManage:359 - Loaded plugin userauth (category:base,tabindex:14)
2025-10-05 09:09:29,715 [INFO] PluginManage:283 - PluginManage : Loaded plugins [18]
2025-10-05 09:09:30,108 [INFO] PinOutPanel:1589 - setPackage(No Configuration,No Configuration)
2025-10-05 09:09:30,278 [INFO] CADModel:165 - CPN selected for project level
2025-10-05 09:09:30,278 [INFO] CADModel:114 - Register for checkConnection events
2025-10-05 09:09:30,337 [INFO] IPUIPlugin:80 - create IPUIPlugin
2025-10-05 09:09:30,338 [INFO] PluginManager:220 - loadIPPluginJar : add adc
2025-10-05 09:09:30,344 [INFO] IPUIPlugin:80 - create IPUIPlugin
2025-10-05 09:09:30,344 [INFO] PluginManager:220 - loadIPPluginJar : add aes
2025-10-05 09:09:30,354 [INFO] IPUIPlugin:80 - create IPUIPlugin
2025-10-05 09:09:30,354 [INFO] PluginManager:220 - loadIPPluginJar : add can
2025-10-05 09:09:30,358 [INFO] IPUIPlugin:80 - create IPUIPlugin
2025-10-05 09:09:30,358 [INFO] PluginManager:220 - loadIPPluginJar : add comp
2025-10-05 09:09:30,363 [INFO] IPUIPlugin:80 - create IPUIPlugin
2025-10-05 09:09:30,363 [INFO] PluginManager:220 - loadIPPluginJar : add cryp
2025-10-05 09:09:30,370 [INFO] IPUIPlugin:80 - create IPUIPlugin
2025-10-05 09:09:30,370 [INFO] PluginManager:220 - loadIPPluginJar : add ddr_ctrl_phy
2025-10-05 09:09:30,375 [INFO] IPUIPlugin:80 - create IPUIPlugin
2025-10-05 09:09:30,375 [INFO] PluginManager:220 - loadIPPluginJar : add dfsdm
2025-10-05 09:09:30,382 [INFO] IPUIPlugin:80 - create IPUIPlugin
2025-10-05 09:09:30,383 [INFO] PluginManager:220 - loadIPPluginJar : add dma
2025-10-05 09:09:30,387 [INFO] IPUIPlugin:80 - create IPUIPlugin
2025-10-05 09:09:30,388 [INFO] PluginManager:220 - loadIPPluginJar : add dma3
2025-10-05 09:09:30,392 [INFO] IPUIPlugin:80 - create IPUIPlugin
2025-10-05 09:09:30,392 [INFO] PluginManager:220 - loadIPPluginJar : add extmemmanager
2025-10-05 09:09:30,395 [INFO] IPUIPlugin:80 - create IPUIPlugin
2025-10-05 09:09:30,396 [INFO] PluginManager:220 - loadIPPluginJar : add fatfs
2025-10-05 09:09:30,404 [INFO] IPUIPlugin:80 - create IPUIPlugin
2025-10-05 09:09:30,404 [INFO] PluginManager:220 - loadIPPluginJar : add fmc
2025-10-05 09:09:30,415 [INFO] IPUIPlugin:80 - create IPUIPlugin
2025-10-05 09:09:30,415 [INFO] PluginManager:220 - loadIPPluginJar : add freertos
2025-10-05 09:09:30,417 [INFO] IPUIPlugin:80 - create IPUIPlugin
2025-10-05 09:09:30,417 [INFO] PluginManager:220 - loadIPPluginJar : add genericplugin
2025-10-05 09:09:30,421 [INFO] IPUIPlugin:80 - create IPUIPlugin
2025-10-05 09:09:30,421 [INFO] PluginManager:220 - loadIPPluginJar : add gfxmmu
2025-10-05 09:09:30,427 [INFO] IPUIPlugin:80 - create IPUIPlugin
2025-10-05 09:09:30,427 [INFO] PluginManager:220 - loadIPPluginJar : add gic
2025-10-05 09:09:30,436 [INFO] IPUIPlugin:80 - create IPUIPlugin
2025-10-05 09:09:30,436 [INFO] PluginManager:220 - loadIPPluginJar : add gpio
2025-10-05 09:09:30,441 [INFO] IPUIPlugin:80 - create IPUIPlugin
2025-10-05 09:09:30,441 [INFO] PluginManager:220 - loadIPPluginJar : add gtzc
2025-10-05 09:09:30,447 [INFO] IPUIPlugin:80 - create IPUIPlugin
2025-10-05 09:09:30,447 [INFO] PluginManager:220 - loadIPPluginJar : add hash
2025-10-05 09:09:30,454 [INFO] IPUIPlugin:80 - create IPUIPlugin
2025-10-05 09:09:30,455 [INFO] PluginManager:220 - loadIPPluginJar : add i2c
2025-10-05 09:09:30,464 [INFO] IPUIPlugin:80 - create IPUIPlugin
2025-10-05 09:09:30,464 [INFO] PluginManager:220 - loadIPPluginJar : add i2s
2025-10-05 09:09:30,472 [INFO] IPUIPlugin:80 - create IPUIPlugin
2025-10-05 09:09:30,472 [INFO] PluginManager:220 - loadIPPluginJar : add i3c
2025-10-05 09:09:30,478 [INFO] IPUIPlugin:80 - create IPUIPlugin
2025-10-05 09:09:30,478 [INFO] PluginManager:220 - loadIPPluginJar : add ipddr
2025-10-05 09:09:30,488 [INFO] IPUIPlugin:80 - create IPUIPlugin
2025-10-05 09:09:30,488 [INFO] PluginManager:220 - loadIPPluginJar : add linkedlist
2025-10-05 09:09:30,494 [INFO] IPUIPlugin:80 - create IPUIPlugin
2025-10-05 09:09:30,494 [INFO] PluginManager:220 - loadIPPluginJar : add lorawan
2025-10-05 09:09:30,497 [INFO] IPUIPlugin:80 - create IPUIPlugin
2025-10-05 09:09:30,498 [INFO] PluginManager:220 - loadIPPluginJar : add ltdc
2025-10-05 09:09:30,507 [INFO] IPUIPlugin:80 - create IPUIPlugin
2025-10-05 09:09:30,507 [INFO] PluginManager:220 - loadIPPluginJar : add mdma
2025-10-05 09:09:30,514 [INFO] IPUIPlugin:80 - create IPUIPlugin
2025-10-05 09:09:30,514 [INFO] PluginManager:220 - loadIPPluginJar : add nvic
2025-10-05 09:09:30,520 [INFO] IPUIPlugin:80 - create IPUIPlugin
2025-10-05 09:09:30,520 [INFO] PluginManager:220 - loadIPPluginJar : add opamp
2025-10-05 09:09:30,525 [INFO] IPUIPlugin:80 - create IPUIPlugin
2025-10-05 09:09:30,526 [INFO] PluginManager:220 - loadIPPluginJar : add openamp
2025-10-05 09:09:30,530 [INFO] IPUIPlugin:80 - create IPUIPlugin
2025-10-05 09:09:30,531 [INFO] PluginManager:220 - loadIPPluginJar : add pdm2pcm
2025-10-05 09:09:30,539 [INFO] IPUIPlugin:80 - create IPUIPlugin
2025-10-05 09:09:30,543 [INFO] PluginManager:220 - loadIPPluginJar : add plateformsettings
2025-10-05 09:09:30,547 [INFO] IPUIPlugin:80 - create IPUIPlugin
2025-10-05 09:09:30,547 [INFO] PluginManager:220 - loadIPPluginJar : add quadspi
2025-10-05 09:09:30,551 [INFO] IPUIPlugin:80 - create IPUIPlugin
2025-10-05 09:09:30,552 [INFO] PluginManager:220 - loadIPPluginJar : add radio
2025-10-05 09:09:30,561 [INFO] IPUIPlugin:80 - create IPUIPlugin
2025-10-05 09:09:30,561 [INFO] PluginManager:220 - loadIPPluginJar : add resmgrutility
2025-10-05 09:09:30,567 [INFO] IPUIPlugin:80 - create IPUIPlugin
2025-10-05 09:09:30,567 [INFO] PluginManager:220 - loadIPPluginJar : add sai
2025-10-05 09:09:30,572 [INFO] IPUIPlugin:80 - create IPUIPlugin
2025-10-05 09:09:30,572 [INFO] PluginManager:220 - loadIPPluginJar : add spi
2025-10-05 09:09:30,582 [INFO] IPUIPlugin:80 - create IPUIPlugin
2025-10-05 09:09:30,582 [INFO] PluginManager:220 - loadIPPluginJar : add stm32_wpan
2025-10-05 09:09:30,586 [INFO] IPUIPlugin:80 - create IPUIPlugin
2025-10-05 09:09:30,586 [INFO] PluginManager:220 - loadIPPluginJar : add tim
2025-10-05 09:09:30,592 [INFO] IPUIPlugin:80 - create IPUIPlugin
2025-10-05 09:09:30,592 [INFO] PluginManager:220 - loadIPPluginJar : add touchsensing
2025-10-05 09:09:30,595 [INFO] IPUIPlugin:80 - create IPUIPlugin
2025-10-05 09:09:30,595 [INFO] PluginManager:220 - loadIPPluginJar : add tracer_emb
2025-10-05 09:09:30,598 [INFO] IPUIPlugin:80 - create IPUIPlugin
2025-10-05 09:09:30,598 [INFO] PluginManager:220 - loadIPPluginJar : add ts
2025-10-05 09:09:30,602 [INFO] IPUIPlugin:80 - create IPUIPlugin
2025-10-05 09:09:30,602 [INFO] PluginManager:220 - loadIPPluginJar : add tsc
2025-10-05 09:09:30,605 [INFO] IPUIPlugin:80 - create IPUIPlugin
2025-10-05 09:09:30,606 [INFO] PluginManager:220 - loadIPPluginJar : add ucpd
2025-10-05 09:09:30,609 [INFO] IPUIPlugin:80 - create IPUIPlugin
2025-10-05 09:09:30,610 [INFO] PluginManager:220 - loadIPPluginJar : add usart
2025-10-05 09:09:30,617 [INFO] IPUIPlugin:80 - create IPUIPlugin
2025-10-05 09:09:30,617 [INFO] PluginManager:220 - loadIPPluginJar : add usbx
2025-10-05 09:09:30,774 [FATAL] Updater:351 - Updater called before beeing initialized
2025-10-05 09:09:30,950 [INFO] RulesReader:64 - Compatibility file has been processed (317 Rules)
2025-10-05 09:09:30,962 [INFO] RulesReader:64 - Compatibility file has been processed (317 Rules)
2025-10-05 09:09:30,972 [INFO] CADModel:165 - CPN selected for project level
2025-10-05 09:09:30,972 [INFO] CADModel:114 - Register for checkConnection events
2025-10-05 09:09:30,973 [FATAL] Updater:351 - Updater called before beeing initialized
2025-10-05 09:09:30,973 [ERROR] CADModel:125 - Updater not yet initialized, retry later 
2025-10-05 09:09:31,200 [FATAL] Updater:351 - Updater called before beeing initialized
2025-10-05 09:09:31,202 [INFO] CADModel:165 - CPN selected for project level
2025-10-05 09:09:31,203 [INFO] CADModel:114 - Register for checkConnection events
2025-10-05 09:09:31,203 [FATAL] Updater:351 - Updater called before beeing initialized
2025-10-05 09:09:31,203 [ERROR] CADModel:125 - Updater not yet initialized, retry later 
2025-10-05 09:09:31,205 [FATAL] Updater:351 - Updater called before beeing initialized
2025-10-05 09:09:31,343 [FATAL] Updater:351 - Updater called before beeing initialized
2025-10-05 09:09:31,348 [INFO] DbMcusAds:53 - JSON generation date=Tue Jul 08 15:14:23 ICT 2025 (1751962463593)
2025-10-05 09:09:31,348 [FATAL] Updater:351 - Updater called before beeing initialized
2025-10-05 09:09:31,383 [WARN] DetailPanel:346 - Failed to get advertising image, set to default
2025-10-05 09:09:31,478 [FATAL] Updater:351 - Updater called before beeing initialized
2025-10-05 09:09:31,480 [FATAL] Updater:351 - Updater called before beeing initialized
2025-10-05 09:09:31,481 [FATAL] Updater:351 - Updater called before beeing initialized
2025-10-05 09:09:31,481 [WARN] DetailPanel:346 - Failed to get advertising image, set to default
2025-10-05 09:09:31,482 [FATAL] Updater:351 - Updater called before beeing initialized
2025-10-05 09:09:31,537 [ERROR] Updater:1198 - MainUpdater not yet initialized. External WinMGr cannot be set.
2025-10-05 09:09:31,540 [INFO] Updater:1134 - Updater Version found : 6.15.0
2025-10-05 09:09:31,556 [INFO] ApplicationProperties:184 - Using Application install path: C:\ST\STM32CubeIDE_1.18.0\STM32CubeIDE\plugins\com.st.stm32cube.common.mx_6.15.0.202507011659
2025-10-05 09:09:32,289 [INFO] ThirdPartyUpdaterWithRetryManager:70 - Updater plugin not ready yet. [2/15]
2025-10-05 09:09:33,134 [ERROR] LogOutputStream:75 - [STDERR_REDIRECT] Oct 05, 2025 9:09:33 AM java.util.prefs.WindowsPreferences <init>
2025-10-05 09:09:33,136 [ERROR] LogOutputStream:75 - [STDERR_REDIRECT] WARNING: Could not open/create prefs root node Software\JavaSoft\Prefs at root 0xffffffff80000002. Windows RegCreateKeyEx(...) returned error code 5.
2025-10-05 09:09:33,136 [ERROR] LogOutputStream:75 - [STDERR_REDIRECT] 
2025-10-05 09:09:33,455 [INFO] MainUpdater:2872 - connection check result : 10
2025-10-05 09:09:33,456 [INFO] MainUpdater:289 - Updater Check For Update Now.
2025-10-05 09:09:33,456 [INFO] MicroXplorer:498 - Change Database Version : DB.6.0.150
2025-10-05 09:09:33,467 [INFO] McuFinderGlobals:63 - Set McuFinder mode to 2 (CubeIDE integrated)
2025-10-05 09:09:33,469 [INFO] UserAuth:487 - Internet connection configuration mode: 1
2025-10-05 09:09:33,501 [INFO] JxBrowserEngine:152 - Initiate JxBrowser Engine with user profile folder
2025-10-05 09:09:33,648 [INFO] CheckServerUpdateThread:120 - End of CheckServer Thread
2025-10-05 09:09:35,031 [INFO] WebApp:169 - Instantiating new browser for Auth
2025-10-05 09:09:35,686 [WARN] PackLoader:240 - Cannot read IP mode file for STMicroelectronics.FP-SNS-MOTENVWB1.1.4.0
2025-10-05 09:09:35,704 [WARN] PackLoader:240 - Cannot read IP mode file for STMicroelectronics.X-CUBE-SMBUS.2.1.0
2025-10-05 09:09:35,719 [WARN] PackLoader:240 - Cannot read IP mode file for STMicroelectronics.X-CUBE-WB05N.1.1.0
2025-10-05 09:09:35,728 [WARN] PackLoader:240 - Cannot read IP mode file for STMicroelectronics.X-CUBE-ST60.1.0.0
2025-10-05 09:09:35,780 [WARN] PackLoader:240 - Cannot read IP mode file for STMicroelectronics.X-CUBE-AZRTOS-F7.1.1.0
2025-10-05 09:09:35,831 [WARN] PackLoader:240 - Cannot read IP mode file for Infineon.AIROC-Wi-Fi-Bluetooth-STM32.1.7.0
2025-10-05 09:09:35,887 [WARN] PackLoader:240 - Cannot read IP mode file for STMicroelectronics.X-CUBE-AZRTOS-H7.3.4.0
2025-10-05 09:09:35,915 [WARN] PackLoader:240 - Cannot read IP mode file for STMicroelectronics.X-CUBE-DISPLAY.3.0.0
2025-10-05 09:09:35,945 [WARN] PackLoader:240 - Cannot read IP mode file for STMicroelectronics.X-CUBE-NFC10.1.0.0
2025-10-05 09:09:35,977 [WARN] PackLoader:240 - Cannot read IP mode file for STMicroelectronics.X-CUBE-BLEMGR.4.0.0
2025-10-05 09:09:35,997 [WARN] PackLoader:240 - Cannot read IP mode file for emotas.I-CUBE-CANOPEN.1.3.0
2025-10-05 09:09:36,013 [WARN] ConditionMgr:438 - getConditionDescription Invalid condition id : Cortex-A Device cause : null
2025-10-05 09:09:36,040 [WARN] ConditionMgr:1044 - genDependencies : Invalid condition id : Cortex-A Device cause : null
2025-10-05 09:09:36,041 [WARN] ConditionMgr:1044 - genDependencies : Invalid condition id : Cortex-A Device cause : null
2025-10-05 09:09:36,041 [WARN] ConditionMgr:1044 - genDependencies : Invalid condition id : Cortex-A Device cause : null
2025-10-05 09:09:36,051 [WARN] PackLoader:240 - Cannot read IP mode file for STMicroelectronics.X-CUBE-AI.10.0.0
2025-10-05 09:09:36,064 [WARN] PackLoader:240 - Cannot read IP mode file for STMicroelectronics.FP-SNS-STBOX1.2.1.0
2025-10-05 09:09:36,076 [WARN] PackLoader:240 - Cannot read IP mode file for STMicroelectronics.FP-SNS-SMARTAG2.1.2.0
2025-10-05 09:09:36,162 [WARN] PackLoader:240 - Cannot read IP mode file for STMicroelectronics.X-CUBE-MEMS1.11.1.0
2025-10-05 09:09:36,458 [INFO] LogOutputStream:77 - [STDOUT_REDIRECT] 1 : Invalid condition id : UX_CORESTACK_Condition cause : null
2025-10-05 09:09:36,465 [INFO] LogOutputStream:77 - [STDOUT_REDIRECT] 1 : Invalid condition id : UX_CORESTACK_Condition cause : null
2025-10-05 09:09:36,468 [INFO] LogOutputStream:77 - [STDOUT_REDIRECT] 1 : Invalid condition id : UX_CORESTACK_Condition cause : null
2025-10-05 09:09:36,475 [INFO] LogOutputStream:77 - [STDOUT_REDIRECT] 1 : Invalid condition id : UX_CORESTACK_Condition cause : null
2025-10-05 09:09:36,478 [INFO] LogOutputStream:77 - [STDOUT_REDIRECT] 1 : Invalid condition id : UX_CORESTACK_Condition cause : null
2025-10-05 09:09:36,493 [WARN] PackLoader:240 - Cannot read IP mode file for STMicroelectronics.X-CUBE-AZRTOS-WL.2.0.0
2025-10-05 09:09:36,551 [WARN] PackLoader:240 - Cannot read IP mode file for STMicroelectronics.FP-SNS-MOTENV1.5.0.0
2025-10-05 09:09:36,611 [WARN] PackLoader:240 - Cannot read IP mode file for WES.I-CUBE-Cesium.1.3.0
2025-10-05 09:09:36,655 [INFO] WebApp:463 - Apply proxy settings
2025-10-05 09:09:36,656 [INFO] WebApp:548 - Chromium requires no authentication
2025-10-05 09:09:36,747 [WARN] PackLoader:240 - Cannot read IP mode file for STMicroelectronics.X-CUBE-BLE2.3.3.0
2025-10-05 09:09:36,863 [WARN] PackLoader:240 - Cannot read IP mode file for STMicroelectronics.X-CUBE-NFC9.1.0.0
2025-10-05 09:09:36,921 [INFO] WebApp:491 - Direct internet connection detected
2025-10-05 09:09:36,938 [WARN] PackLoader:240 - Cannot read IP mode file for wolfSSL.I-CUBE-wolfMQTT.1.19.2
2025-10-05 09:09:36,974 [WARN] PackLoader:240 - Cannot read IP mode file for STMicroelectronics.X-CUBE-EEPRMA1.5.2.0
2025-10-05 09:09:36,985 [WARN] PackLoader:240 - Cannot read IP mode file for STMicroelectronics.X-CUBE-AI.10.1.0
2025-10-05 09:09:37,016 [INFO] WebApp:900 - Register for checkConnection events
2025-10-05 09:09:37,016 [INFO] WebApp:463 - Apply proxy settings
2025-10-05 09:09:37,017 [INFO] WebApp:548 - Chromium requires no authentication
2025-10-05 09:09:37,018 [INFO] WebApp:491 - Direct internet connection detected
2025-10-05 09:09:37,049 [WARN] PackLoader:240 - Cannot read IP mode file for STMicroelectronics.X-CUBE-MEMS1.11.2.0
2025-10-05 09:09:37,210 [WARN] PackLoader:240 - Cannot read IP mode file for STMicroelectronics.X-CUBE-AZRTOS-G0.1.1.0
2025-10-05 09:09:37,230 [WARN] PackLoader:240 - Cannot read IP mode file for STMicroelectronics.X-CUBE-SAFEA1.1.2.2
2025-10-05 09:09:37,248 [WARN] PackLoader:240 - Cannot read IP mode file for STMicroelectronics.X-CUBE-NFC4.3.0.0
2025-10-05 09:09:37,271 [WARN] PackLoader:240 - Cannot read IP mode file for EmbeddedOffice.I-CUBE-FS-RTOS.1.0.1
2025-10-05 09:09:37,278 [INFO] WebApp:191 - Connection restablished
2025-10-05 09:09:37,288 [WARN] PackLoader:240 - Cannot read IP mode file for STMicroelectronics.X-CUBE-WB05N.2.0.0
2025-10-05 09:09:37,311 [WARN] PackLoader:240 - Cannot read IP mode file for wolfSSL.I-CUBE-wolfTPM.3.8.0
2025-10-05 09:09:37,327 [WARN] PackLoader:240 - Cannot read IP mode file for STMicroelectronics.X-CUBE-TCPP.4.2.0
2025-10-05 09:09:37,347 [WARN] PackLoader:240 - Cannot read IP mode file for RealThread.X-CUBE-RT-Thread_Nano.4.1.1
2025-10-05 09:09:37,363 [WARN] PackLoader:240 - Cannot read IP mode file for STMicroelectronics.FP-ATR-SIGFOX1.3.2.0
2025-10-05 09:09:37,380 [WARN] PackLoader:240 - Cannot read IP mode file for STMicroelectronics.X-CUBE-EEPRMA1.5.1.0
2025-10-05 09:09:37,417 [WARN] PackLoader:240 - Cannot read IP mode file for wolfSSL.I-CUBE-wolfSSL.5.7.6
2025-10-05 09:09:37,438 [WARN] PackLoader:240 - Cannot read IP mode file for ITTIA_DB.I-CUBE-ITTIADB.8.9.0
2025-10-05 09:09:37,459 [WARN] PackLoader:240 - Cannot read IP mode file for STMicroelectronics.X-CUBE-ST67W61.1.0.0
2025-10-05 09:09:37,477 [WARN] PackLoader:240 - Cannot read IP mode file for STMicroelectronics.X-CUBE-AI.10.2.0
2025-10-05 09:09:37,543 [WARN] PackLoader:240 - Cannot read IP mode file for SEGGER.I-CUBE-embOS.1.3.1
2025-10-05 09:09:37,613 [WARN] PackLoader:240 - Cannot read IP mode file for STMicroelectronics.X-CUBE-ALGOBUILD.1.4.0
2025-10-05 09:09:37,624 [INFO] WebApp:225 - Starting web application
2025-10-05 09:09:37,625 [INFO] WebApp:593 - Web application path used C:\ST\STM32CubeIDE_1.18.0\STM32CubeIDE\plugins\com.st.stm32cube.common.mx_6.15.0.202507011659\db\plugins\mcufinder\reactClient1\index.html
2025-10-05 09:09:37,730 [WARN] PackLoader:240 - Cannot read IP mode file for STMicroelectronics.X-CUBE-MEMS1.11.3.0
2025-10-05 09:09:38,124 [WARN] PackLoader:240 - Cannot read IP mode file for STMicroelectronics.X-CUBE-PM33A1.1.0.0
2025-10-05 09:09:38,199 [WARN] PackLoader:240 - Cannot read IP mode file for STMicroelectronics.X-CUBE-AZRTOS-F4.1.1.0
2025-10-05 09:09:38,208 [WARN] PackLoader:240 - Cannot read IP mode file for Avnet-IotConnect.X-CUBE-IoTC-DA16k-PMOD.1.0.0
2025-10-05 09:09:38,214 [WARN] PackLoader:240 - Cannot read IP mode file for STMicroelectronics.X-CUBE-ISPU.2.1.0
2025-10-05 09:09:38,224 [WARN] PackLoader:240 - Cannot read IP mode file for STMicroelectronics.X-CUBE-NFC12.1.0.0
2025-10-05 09:09:38,247 [WARN] PackLoader:240 - Cannot read IP mode file for STMicroelectronics.X-CUBE-AZRTOS-L5.2.0.0
2025-10-05 09:09:38,259 [WARN] PackLoader:240 - Cannot read IP mode file for STMicroelectronics.X-CUBE-NFC6.3.1.0
2025-10-05 09:09:38,269 [WARN] PackLoader:240 - Cannot read IP mode file for STMicroelectronics.X-CUBE-DPower.1.2.0
2025-10-05 09:09:38,282 [WARN] PackLoader:240 - Cannot read IP mode file for STMicroelectronics.X-CUBE-FREERTOS.1.3.1
2025-10-05 09:09:38,293 [WARN] PackLoader:240 - Cannot read IP mode file for STMicroelectronics.X-CUBE-FREERTOS.1.3.0
2025-10-05 09:09:38,312 [WARN] PackLoader:240 - Cannot read IP mode file for STMicroelectronics.X-CUBE-NFC7.1.0.1
2025-10-05 09:09:38,334 [WARN] PackLoader:240 - Cannot read IP mode file for STMicroelectronics.X-CUBE-TOUCHGFX.4.26.0
2025-10-05 09:09:38,346 [WARN] PackLoader:240 - Cannot read IP mode file for STMicroelectronics.FP-SNS-STAIOTCFT.1.0.0
2025-10-05 09:09:38,361 [WARN] PackLoader:240 - Cannot read IP mode file for STMicroelectronics.X-CUBE-DPower.1.3.0
2025-10-05 09:09:38,387 [WARN] ConditionMgr:438 - getConditionDescription Invalid condition id : LAN8742 Phy interface Condition cause : null
2025-10-05 09:09:38,389 [WARN] PackLoader:240 - Cannot read IP mode file for STMicroelectronics.X-CUBE-AZRTOS-L4.2.0.0
2025-10-05 09:09:38,391 [WARN] ConditionMgr:1044 - genDependencies : Invalid condition id : LAN8742 Phy interface Condition cause : null
2025-10-05 09:09:38,392 [WARN] ConditionMgr:1044 - genDependencies : Invalid condition id : LAN8742 Phy interface Condition cause : null
2025-10-05 09:09:38,394 [WARN] ConditionMgr:1044 - genDependencies : Invalid condition id : LAN8742 Phy interface Condition cause : null
2025-10-05 09:09:38,410 [INFO] UserAuth:487 - Internet connection configuration mode: 1
2025-10-05 09:09:38,413 [WARN] PackLoader:240 - Cannot read IP mode file for STMicroelectronics.X-CUBE-SFXS2LP1.4.0.0
2025-10-05 09:09:38,445 [WARN] PackLoader:240 - Cannot read IP mode file for STMicroelectronics.X-CUBE-AZRTOS-H7.3.3.0
2025-10-05 09:09:38,463 [WARN] PackLoader:240 - Cannot read IP mode file for STMicroelectronics.X-CUBE-BLEMGR.4.1.0
2025-10-05 09:09:38,479 [WARN] ConditionMgr:438 - getConditionDescription Invalid condition id : UX DEVICE CLASS RTOS Condition cause : null
2025-10-05 09:09:38,480 [WARN] ConditionMgr:438 - getConditionDescription Invalid condition id : UX DEVICE CLASS RTOS Condition cause : null
2025-10-05 09:09:38,483 [WARN] PackLoader:240 - Cannot read IP mode file for STMicroelectronics.X-CUBE-AZRTOS-WB.2.0.0
2025-10-05 09:09:38,484 [WARN] ConditionMgr:1044 - genDependencies : Invalid condition id : UX DEVICE CLASS RTOS Condition cause : null
2025-10-05 09:09:38,484 [WARN] ConditionMgr:1044 - genDependencies : Invalid condition id : UX DEVICE CLASS RTOS Condition cause : null
2025-10-05 09:09:38,485 [WARN] ConditionMgr:1044 - genDependencies : Invalid condition id : UX DEVICE CLASS RTOS Condition cause : null
2025-10-05 09:09:38,485 [WARN] ConditionMgr:1044 - genDependencies : Invalid condition id : UX DEVICE CLASS RTOS Condition cause : null
2025-10-05 09:09:38,486 [WARN] ConditionMgr:1044 - genDependencies : Invalid condition id : UX DEVICE CLASS RTOS Condition cause : null
2025-10-05 09:09:38,495 [WARN] PackLoader:240 - Cannot read IP mode file for STMicroelectronics.X-CUBE-GNSS1.7.0.1
2025-10-05 09:09:38,504 [WARN] PackLoader:240 - Cannot read IP mode file for STMicroelectronics.X-CUBE-TOUCHGFX.4.25.0
2025-10-05 09:09:38,511 [WARN] PackLoader:240 - Cannot read IP mode file for STMicroelectronics.FP-SNS-STBOX1.2.0.0
2025-10-05 09:09:38,525 [WARN] PackLoader:240 - Cannot read IP mode file for STMicroelectronics.X-CUBE-SUBG2.5.0.0
2025-10-05 09:09:38,559 [WARN] PackLoader:240 - Cannot read IP mode file for STMicroelectronics.X-CUBE-AZRTOS-H7RS.1.1.0
2025-10-05 09:09:38,575 [WARN] PackLoader:240 - Cannot read IP mode file for Cesanta.I-CUBE-Mongoose.7.13.0
2025-10-05 09:09:38,597 [WARN] PackLoader:240 - Cannot read IP mode file for STMicroelectronics.X-CUBE-AZRTOS-G4.2.0.0
2025-10-05 09:09:38,609 [WARN] PackLoader:240 - Cannot read IP mode file for wolfSSL.I-CUBE-wolfSSH.1.4.20
2025-10-05 09:09:38,618 [WARN] PackLoader:240 - Cannot read IP mode file for STMicroelectronics.X-CUBE-NFC7.2.0.0
2025-10-05 09:09:38,639 [WARN] PackLoader:240 - Cannot read IP mode file for STMicroelectronics.X-CUBE-IPS.3.1.0
2025-10-05 09:09:38,656 [WARN] PackLoader:240 - Cannot read IP mode file for STMicroelectronics.X-CUBE-ALS.1.0.2
2025-10-05 09:09:38,670 [WARN] PackLoader:240 - Cannot read IP mode file for STMicroelectronics.X-CUBE-STSE01.1.0.0
2025-10-05 09:09:38,694 [WARN] PackLoader:240 - Cannot read IP mode file for portGmbH.I-Cube-SoM-uGOAL.1.1.0
2025-10-05 09:09:38,711 [WARN] PackLoader:240 - Cannot read IP mode file for STMicroelectronics.X-CUBE-TOF1.3.4.2
2025-10-05 09:09:38,736 [WARN] PackLoader:240 - Cannot read IP mode file for STMicroelectronics.X-CUBE-TOF1.3.4.3
2025-10-05 09:09:38,748 [INFO] ThirdParty:978 - Integrity check success = true
2025-10-05 09:09:38,748 [INFO] IntegrityCheckThread:100 - exiting critical section [integrity check]
2025-10-05 09:09:38,748 [INFO] IntegrityCheckThread:103 - End integrity checks thread
2025-10-05 09:32:11,033 [ERROR] LogOutputStream:75 - [STDERR_REDIRECT] 
